course,lecturer,group,classroom,datetime
Międzynarodowe zarządzanie finansami,Dr. Anna Lewandowska,TNW.AG3.GVN.7332.DQB,H236,2025-03-14 16:00 - 16:45
Budowanie marki online,Mgr. Tomasz Nowakiewicz,BFN.OF8.PWR.0279.RWQ,E353,2025-03-06 13:00 - 13:45
Modelowanie finansowe,Prof. Marek Wójcik,OOG.CU9.LTX.5149.CYJ,B135,2025-02-26 14:00 - 14:45
Tworzenie treści cyfrowych,Dr hab. Katarzyna Kamiński,QSC.TR2.PPG.1283.PVD,H251,2025-02-24 16:00 - 16:45
Zarządzanie polem namiotowym,Mgr. Jan Wiśniewski,SZY.OR3.WYO.6406.MXZ,H101,2025-03-24 14:00 - 14:45
Transformacja cyfrowa,Prof. Zofia Kowalska,TJV.BQ7.GMX.2994.NOH,B384,2025-03-05 13:00 - 13:45
Zarządzanie zmianą,Dr hab. Andrzej Wójcik,VVK.PE9.VAU.7412.MSK,E186,2025-02-21 14:00 - 14:45
Zarządzanie innowacjami,Dr. Anna Zielińska,SGT.TY6.GYI.6888.DBD,C320,2025-07-01 8:00 - 8:45
Studia kulturowe,Dr hab. Ewa Zielińska,UIK.YG2.MZB.0483.FSE,B198,2025-02-18 8:00 - 8:45
Zarządzanie transportem kolejowym,Mgr. Maria Kamińska,JSI.BX2.UAJ.4340.SGP,D280,2025-05-01 13:00 - 13:45
Ekonomia nieruchomości,Mgr. Zofia Kowalska,CXC.RY5.YNN.8006.FCS,C379,2025-05-07 10:00 - 10:45
Różnorodność w miejscu pracy,Inż. Zofia Dąbrowska,QSE.BX6.RDZ.3792.YNU,F124,2025-03-25 10:00 - 10:45
Rozwój produktu,Prof. Tomasz Wójcik,PBQ.CO9.RRX.4565.HAO,E186,2025-03-07 10:00 - 10:45
Zarządzanie transportem kolejowym,Dr hab. Ewa Zielińska,QSE.BX6.RDZ.3792.YNU,B209,2025-04-25 8:00 - 8:45
Analiza sprawozdań finansowych,Dr. Zofia Lewandowska,OFP.WJ0.LRJ.9559.RJH,A242,2025-03-27 16:00 - 16:45
Zarządzanie danymi klientów,Inż. Piotr Lewandowski,TXE.TR0.JGS.5994.WSD,F328,2025-02-27 9:00 - 9:45
Zielony łańcuch dostaw,Dr hab. Katarzyna Kamiński,SBW.SS1.DHE.0691.GYW,A208,2025-06-04 15:00 - 15:45
Zarządzanie portfelem,Inż. Katarzyna Dąbrowska,UWR.OR4.NYJ.8726.KYV,D255,2025-01-30 11:00 - 11:45
Podstawy zarządzania polem namiotowym,Mgr. Katarzyna Szymańska,VQP.LJ5.WEO.1716.XWJ,E233,2025-03-26 13:00 - 13:45
Analiza ruchu w sieci,Dr hab. Zofia Szymanowska,SQP.BM5.PGL.5320.VYF,E381,2025-06-02 8:00 - 8:45
Gospodarka cyfrowa,Prof. Piotr Kowalski,BNT.IW7.OSL.3405.NVE,H235,2025-02-18 12:00 - 12:45
Strategie cenowe,Mgr. Piotr Kamiński,BNT.IW7.OSL.3405.NVE,E186,2025-04-09 15:00 - 15:45
Strategia korporacyjna,Prof. Maria Woźniak,XQD.MI2.CVZ.9064.MCT,B384,2025-03-17 14:00 - 14:45
Zarządzanie zdrowiem i bezpieczeństwem,Dr. Marek Lewandowski,OUP.UT9.PJN.3348.FCR,B165,2025-03-10 13:00 - 13:45
Prezentacje i wystąpienia publiczne,Prof. Zofia Zielińska,EPJ.NN9.ETJ.0333.BAJ,H361,2025-05-13 14:00 - 14:45
Sieci komputerowe,Inż. Anna Kowalska,YPI.UT8.WNQ.9042.LCR,G104,2025-05-05 15:00 - 15:45
Wprowadzenie do makroekonomii,Inż. Katarzyna Dąbrowska,VYS.XC2.XEW.5584.LDS,E211,2025-03-11 12:00 - 12:45
Socjologia organizacji,Prof. Anna Nowak,TML.NS4.BCX.5709.BLF,F205,2025-04-28 14:00 - 14:45
Negocjacje i rozwiązywanie konfliktów,Mgr. Piotr Dąbrowski,EDK.VE5.MBM.5514.LJK,C105,2025-01-31 11:00 - 11:45
Efektywne przywództwo zespołowe,Mgr. Katarzyna Szymańska,JEA.JB5.MHM.9323.KHY,B193,2025-02-04 8:00 - 8:45
Zarządzanie zasobami ludzkimi,Inż. Piotr Szymański,NOY.KB2.GLS.8276.NTK,D265,2025-05-13 15:00 - 15:45
Relacje z pracownikami,Dr hab. Piotr Nowakowski,XVM.TE8.QYI.1728.VAR,B384,2025-06-30 13:00 - 13:45
Zamówienia publiczne,Dr hab. Maria Lewandowska,FCK.AU2.WAZ.6050.BTI,F370,2025-03-07 11:00 - 11:45
Aplikacje mobilne dla biznesu,Mgr. Tomasz Dąbkowski,UDT.FC6.DKR.6724.SZY,B198,2025-06-12 12:00 - 12:45
Zarządzanie strategiczne,Mgr. Jan Wiśniewski,SUL.IP4.RGW.7174.FMM,B379,2025-01-30 13:00 - 13:45
Planowanie finansowe,Mgr. Piotr Lewandowski,RHD.BD4.NHI.0876.JTY,A129,2025-05-02 8:00 - 8:45
Zintegrowana komunikacja marketingowa,Prof. Zofia Miodowska,YPI.UT8.WNQ.9042.LCR,H235,2025-03-04 12:00 - 12:45
Zarządzanie cyklem życia produktu,Inż. Maria Wiśniewska,QKS.EA3.WMI.4507.BGM,D106,2025-07-02 16:00 - 16:45
Zarządzanie marką,Inż. Jan Szymański,IAN.EB9.HAN.4884.THC,C328,2025-01-31 16:00 - 16:45
Analiza sprawozdań finansowych,Prof. Jan Szymański,XLS.QK5.QSN.6714.RMY,E186,2025-03-17 8:00 - 8:45
Biznes międzynarodowy,Mgr. Andrzej Kamiński,RYX.BE0.FMU.1872.NND,C320,2025-05-06 16:00 - 16:45
Zarządzanie portfelem,Dr. Katarzyna Szymańska,RFV.CH2.OLX.7492.FPO,F244,2025-04-08 10:00 - 10:45
Rachunek kosztów,Mgr. Piotr Dąbrowski,RYX.BE0.FMU.1872.NND,B226,2025-02-14 12:00 - 12:45
Międzynarodowe zarządzanie finansami,Prof. Marek Wójcik,SWG.KD4.MEK.9582.KWP,B226,2025-05-08 13:00 - 13:45
Różnorodność w miejscu pracy,Dr. Marek Zieliński,RYC.KE6.EHH.8944.IOK,D255,2025-06-25 10:00 - 10:45
Ekonomia energetyczna,Inż. Maria Dąbrowski,WSX.ZB2.IDE.4895.TVM,D280,2025-06-04 16:00 - 16:45
Zamówienia publiczne,Inż. Jan Nowak,NWW.AW6.BIF.8667.JPM,A396,2025-03-13 8:00 - 8:45
Ekonomia polityczna,Prof. Jan Szymański,YSH.CI5.YEG.5108.TOL,C328,2025-02-28 9:00 - 9:45
Wprowadzenie do nauki o danych,Mgr. Tomasz Kamiński,GKO.HO2.HMH.3308.RSM,B243,2025-05-20 8:00 - 8:45
Relacje z mediami,Inż. Piotr Lewandowski,WPF.BA4.HUF.2508.ZCE,D255,2025-05-06 15:00 - 15:45
Etyka w biznesie międzynarodowym,Prof. Marek Lewandowski,WMW.LV5.FDE.5907.GSM,F345,2025-05-19 13:00 - 13:45
Analiza marketingowa,Prof. Zofia Miodowska,KSE.CS3.URP.5488.MSK,G389,2025-05-28 11:00 - 11:45
Ekonomia behawioralna,Prof. Katarzyna Wójcik,SQP.TV7.URO.4305.QVL,E381,2025-02-18 16:00 - 16:45
Zarządzanie talentami,Inż. Katarzyna Zielińska,DHN.YK3.TPY.3244.MKR,F345,2025-04-02 9:00 - 9:45
Transformacja cyfrowa,Mgr. Piotr Dąbrowski,MIR.SW8.VIF.7653.UAG,E385,2025-03-26 14:00 - 14:45
Efektywne przywództwo zespołowe,Mgr. Tomasz Szymański,EHK.JR4.LDZ.7467.NJL,A188,2025-03-19 16:00 - 16:45
Blockchain i kryptowaluty,Dr. Piotr Dąbrowski,PMP.CC8.WON.1917.TGB,H236,2025-04-17 16:00 - 16:45
Zarządzanie bezpieczeństwem IT,Mgr. Piotr Dąbrowski,HMP.ZE3.VKW.6047.OAW,C143,2025-05-12 13:00 - 13:45
Komunikacja interpersonalna,Prof. Zofia Kowalska,CPL.ID9.XHF.5445.QMA,E325,2025-04-24 8:00 - 8:45
Analiza papierów wartościowych,Mgr. Piotr Kamiński,GKO.HO2.HMH.3308.RSM,G240,2025-04-24 12:00 - 12:45
Metodologia Six Sigma,Dr hab. Piotr Nowak,KOR.XX2.LTF.8475.WBU,B300,2025-04-22 11:00 - 11:45
Podatki,Prof. Piotr Nowak,CBZ.YK9.FTS.6484.FYG,F139,2025-05-15 16:00 - 16:45
Etyka w biznesie międzynarodowym,Mgr. Anna Zielińska,MBT.WM1.VBU.1712.FPS,B396,2025-06-13 13:00 - 13:45
Zarządzanie transportem kolejowym,Mgr. Piotr Wójcik,VWM.OY2.PWX.4783.SBT,D265,2025-02-10 14:00 - 14:45
Blockchain i kryptowaluty,Mgr. Tomasz Polak,UIE.CB5.ULG.4962.LZU,D385,2025-05-05 16:00 - 16:45
Bankowość i usługi finansowe,Dr. Ewa Zielińska,IUX.GM7.ALK.4346.VED,B396,2025-02-11 14:00 - 14:45
Zaawansowane badania konsumenckie,Dr. Marek Kamiński,ASA.ZH3.YPJ.4121.BXE,B120,2025-05-16 8:00 - 8:45
Wprowadzenie do mikroekonomii,Mgr. Zofia Wiśniewska,PXN.NF6.JCD.2409.YTY,C379,2025-05-16 15:00 - 15:45
Ekonomia środowiskowa,Dr. Katarzyna Szymańska,ZJD.US9.EGI.6635.HAH,F142,2025-05-28 16:00 - 16:45
Komunikacja interpersonalna,Mgr. Zofia Kowalska,YPI.UT8.WNQ.9042.LCR,E353,2025-04-07 14:00 - 14:45
Zaawansowane umiejętności komunikacyjne,Mgr. Maria Lewandowska,YPI.UT8.WNQ.9042.LCR,E183,2025-04-16 15:00 - 15:45
Ekonomia behawioralna,Dr hab. Piotr Nowakowski,IUX.GM7.ALK.4346.VED,B379,2025-02-25 12:00 - 12:45
Zielony łańcuch dostaw,Inż. Zofia Wójcik,QIL.FU4.CXU.0990.XKN,F345,2025-06-17 8:00 - 8:45
Zarządzanie start-upami,Mgr. Jan Lewandowski,XGD.AR0.ANY.5116.CIL,B300,2025-06-11 16:00 - 16:45
Copywriting i kreatywne pisanie,Dr hab. Andrzej Lewandowski,BNM.WD8.BSF.4070.UUF,E233,2025-04-08 11:00 - 11:45
Użycie oprogramowania statystycznego,Mgr. Piotr Szymański,YHL.FN3.YQB.9858.ITR,F142,2025-06-16 11:00 - 11:45
Innowacja w modelach biznesowych,Dr hab. Ewa Dąbrowska,OOG.CU9.LTX.5149.CYJ,D205,2025-05-13 11:00 - 11:45
Relacje z mediami,Mgr. Tomasz Kamiński,XUT.PP4.WUP.5597.NPT,D205,2025-06-05 16:00 - 16:45
Relacje z pracownikami,Mgr. Zofia Kowalska,SEA.EL4.UCP.5738.FCI,H211,2025-04-25 14:00 - 14:45
Planowanie strategiczne marketingu,Dr. Jan Zieliński,FRA.FN4.QZU.8710.HOY,A335,2025-03-06 10:00 - 10:45
Przedsiębiorczość,Dr. Marek Woźniak,PMK.AP7.GZV.9744.LIX,C328,2025-04-18 8:00 - 8:45
Rozwój gospodarczy,Mgr. Andrzej Kamiński,QZK.BN3.APL.2257.JOO,A242,2025-02-19 16:00 - 16:45
Planowanie mediów,Dr hab. Marek Zieliński,EJP.UH3.LEV.8022.YDH,E165,2025-03-31 12:00 - 12:45
Relacje z pracownikami,Mgr. Piotr Kamiński,QKN.FU1.NVZ.7963.LGU,G240,2025-03-19 14:00 - 14:45
Strategia wprowadzania nowego produktu,Dr. Zofia Lewandowska,NDM.YL9.LYB.3733.YGC,A396,2025-06-10 12:00 - 12:45
Etyka w biznesie międzynarodowym,Mgr. Piotr Dąbrowski,QGF.VQ3.SEX.5164.CAI,E233,2025-03-13 9:00 - 9:45
Zaawansowane umiejętności komunikacyjne,Inż. Katarzyna Zielińska,AKA.FV1.DKI.8876.KZC,H211,2025-06-06 10:00 - 10:45
Zarządzanie wydarzeniami,Dr hab. Ewa Dąbrowska,RFV.CH2.OLX.7492.FPO,H236,2025-06-04 11:00 - 11:45
Studia kulturowe,Inż. Andrzej Kowalski,WBC.DH0.CXH.7567.ATZ,C328,2025-06-10 10:00 - 10:45
Doskonałość w obsłudze klienta,Dr. Marek Lewandowski,ZUQ.GU2.CGD.1182.WMT,F328,2025-04-15 12:00 - 12:45
Finanse publiczne,Mgr. Maria Dąbrowska,QKX.MM9.YVF.9122.IPU,E165,2025-06-10 13:00 - 13:45
Zaawansowane badania konsumenckie,Prof. Jan Szymański,UUL.ZS0.SES.3286.KDH,G104,2025-06-13 15:00 - 15:45
Psychologia konsumenta,Inż. Andrzej Nowak,QMY.KY7.WGH.8609.ZNW,E318,2025-04-24 13:00 - 13:45
Planowanie strategiczne marketingu,Mgr. Piotr Lewandowski,EZE.KI2.VAU.3851.CQF,D191,2025-02-04 9:00 - 9:45
Strategie cenowe,Inż. Katarzyna Zielińska,KLG.PZ1.DRJ.9976.BJH,F328,2025-06-27 12:00 - 12:45
Aplikacje mobilne dla biznesu,Mgr. Tomasz Polak,CBZ.YK9.FTS.6484.FYG,E353,2025-04-21 8:00 - 8:45
Zastosowania uczenia maszynowego,Dr. Maria Lewandowska,EGA.TU9.VRT.2826.QYN,H203,2025-03-13 10:00 - 10:45
Globalizacja i biznes,Prof. Zofia Zielińska,TJV.BQ7.GMX.2994.NOH,H112,2025-03-14 11:00 - 11:45
Zarządzanie międzykulturowe,Dr hab. Zofia Szymanowska,UKX.FS1.GKW.1833.PNM,E233,2025-02-27 10:00 - 10:45
Innowacja w modelach biznesowych,Inż. Andrzej Kowalski,IDW.TJ8.EQN.2797.ORO,B379,2025-04-15 13:00 - 13:45
Planowanie finansowe,Inż. Zofia Wójcik,EWA.HP7.WCN.5830.EAO,B190,2025-03-25 11:00 - 11:45
Strategia wprowadzania nowego produktu,Mgr. Tomasz Polak,BNT.IW7.OSL.3405.NVE,G155,2025-02-28 10:00 - 10:45
Teoria gier,Dr hab. Tomasz Woźniak,TXE.TR0.JGS.5994.WSD,B209,2025-01-30 8:00 - 8:45
Zarządzanie transportem kolejowym,Inż. Katarzyna Wiśniewska,RHU.GJ7.UZX.9301.XAD,F244,2025-03-11 13:00 - 13:45
Statystyka I,Inż. Ewa Dąbrowska,GSG.YE2.ZAC.2685.EQS,D265,2025-03-06 15:00 - 15:45
Technologia łańcucha dostaw,Dr. Marek Lewandowski,ETE.RG4.ZJW.8466.LMA,F244,2025-05-07 15:00 - 15:45
Zarządzanie relacjami z klientem,Mgr. Piotr Lewandowski,RCL.ZP0.JZD.7000.IYU,F205,2025-02-18 13:00 - 13:45
Ekonomia nieruchomości,Prof. Tomasz Dąbrowski,SZY.OR3.WYO.6406.MXZ,F149,2025-02-04 10:00 - 10:45
Zaawansowana wizualizacja danych,Prof. Ewa Lewandowska,VEQ.VX8.OYN.3058.DWG,B198,2025-05-13 16:00 - 16:45
Zarządzanie markami luksusowymi,Inż. Zofia Wójcik,EJP.UH3.LEV.8022.YDH,A335,2025-02-05 10:00 - 10:45
Studia kulturowe,Prof. Piotr Kowalski,YSH.CI5.YEG.5108.TOL,E348,2025-04-09 16:00 - 16:45
Zaawansowana analiza makroekonomiczna,Dr. Piotr Woźniak,NTV.KM5.ZHF.9246.EXE,A261,2025-03-17 9:00 - 9:45
Zaawansowana wizualizacja danych,Prof. Tomasz Dąbrowski,KWG.EU5.SBA.8424.ENI,A136,2025-04-07 13:00 - 13:45
Analiza marketingowa,Mgr. Jan Wiśniewski,UKX.FS1.GKW.1833.PNM,B226,2025-03-12 9:00 - 9:45
Regulacje rynków finansowych,Dr. Katarzyna Szymańska,REY.EF1.LDG.3382.AKB,D106,2025-03-10 10:00 - 10:45
Relacje przemysłowe,Dr. Katarzyna Zielińska,BNT.IW7.OSL.3405.NVE,B209,2025-03-10 11:00 - 11:45
Budowanie marki online,Mgr. Zofia Kowalska,WPF.BA4.HUF.2508.ZCE,G389,2025-02-12 10:00 - 10:45
Zarządzanie jakością,Dr hab. Piotr Nowakowski,TBY.BS8.FEW.2939.JYI,A358,2025-04-14 12:00 - 12:45
Etyka w finansach,Prof. Zofia Wójcik,XUQ.LY4.VSA.1894.UIH,E381,2025-06-18 14:00 - 14:45
Rynki instrumentów pochodnych,Dr hab. Tomasz Woźniak,TJM.NJ8.EFP.3457.XJN,G277,2025-06-12 13:00 - 13:45
Zarządzanie innowacjami,Mgr. Anna Zielińska,RON.JD8.HHL.4129.SXR,G252,2025-04-23 11:00 - 11:45
Statystyka I,Prof. Tomasz Dąbrowski,ASA.ZH3.YPJ.4121.BXE,H236,2025-02-28 12:00 - 12:45
Odpowiedzialność społeczna przedsiębiorstw,Mgr. Maria Dąbrowska,CBZ.YK9.FTS.6484.FYG,F124,2025-02-13 12:00 - 12:45
Systemy wynagrodzeń i benefitów,Dr. Maria Dąbrowska,GQA.DX2.YJU.0455.RKZ,C245,2025-02-03 9:00 - 9:45
Porównawcze systemy ekonomiczne,Dr. Maria Zieliński,GQA.DX2.YJU.0455.RKZ,C143,2025-03-11 9:00 - 9:45
Zarządzanie międzykulturowe,Prof. Andrzej Szymański,ONB.OI9.BTJ.4024.QSE,F106,2025-05-05 12:00 - 12:45
Cyberbezpieczeństwo w biznesie,Inż. Katarzyna Wiśniewska,WZU.CW1.XTG.3642.WUL,A180,2025-06-30 14:00 - 14:45
Systemy zarządzania bazami danych,Dr hab. Piotr Nowakowski,JQG.HO1.SYW.0202.VDD,F149,2025-03-10 9:00 - 9:45
Zarządzanie reklamą,Mgr. Tomasz Polak,NOY.KB2.GLS.8276.NTK,B135,2025-02-18 9:00 - 9:45
Strategie rekrutacyjne,Dr hab. Andrzej Lewandowski,KKC.JV9.IUT.2954.OAH,F370,2025-06-05 8:00 - 8:45
Modelowanie predykcyjne,Inż. Andrzej Kowalski,RHD.BD4.NHI.0876.JTY,C328,2025-05-30 9:00 - 9:45
Statystyka I,Mgr. Maria Lewandowska,LUN.TR2.DAP.9566.KDS,H235,2025-05-08 16:00 - 16:45
Strategia wprowadzania nowego produktu,Inż. Zofia Woźniak,HTK.LE6.AAW.1341.XLJ,A135,2025-03-18 15:00 - 15:45
Analiza biznesowa,Dr. Piotr Wiśniewski,FCK.AU2.WAZ.6050.BTI,B193,2025-05-13 12:00 - 12:45
Innowacja w modelach biznesowych,Inż. Piotr Lewandowski,QSC.TR2.PPG.1283.PVD,D264,2025-05-22 14:00 - 14:45
Zarządzanie talentami,Inż. Andrzej Nowak,QYC.YJ4.TUT.5534.TQY,G389,2025-05-07 8:00 - 8:45
Public Relations,Dr hab. Ewa Dąbrowska,YRI.BF4.UAT.9531.JAD,D160,2025-04-10 13:00 - 13:45
Zastosowania uczenia maszynowego,Dr hab. Piotr Nowakowski,DKO.TD1.EWS.3152.AOQ,D385,2025-06-17 12:00 - 12:45
Zarządzanie talentami,Prof. Katarzyna Wójcik,EJP.UH3.LEV.8022.YDH,F106,2025-03-17 15:00 - 15:45
Visual Basic dla aplikacji,Dr. Marek Kamiński,EJP.UH3.LEV.8022.YDH,D352,2025-02-20 8:00 - 8:45
Zachowania organizacyjne,Inż. Katarzyna Zielińska,GQA.DX2.YJU.0455.RKZ,F244,2025-02-12 11:00 - 11:45
Zachowania organizacyjne,Dr. Andrzej Wiśniewski,UDT.FC6.DKR.6724.SZY,E286,2025-03-05 8:00 - 8:45
Blockchain i kryptowaluty,Dr hab. Zofia Szymanowska,UIK.YG2.MZB.0483.FSE,D264,2025-05-09 11:00 - 11:45
Optymalizacja procesów biznesowych,Mgr. Tomasz Polak,SQP.BM5.PGL.5320.VYF,A135,2025-04-10 8:00 - 8:45
Zarządzanie zasobami ludzkimi,Mgr. Tomasz Kamiński,KFC.GX1.OCI.3890.MTV,H112,2025-02-04 14:00 - 14:45
Negocjacje i rozwiązywanie konfliktów,Dr. Anna Lewandowska,PTH.NO0.IXY.3726.FAA,H211,2025-06-17 13:00 - 13:45
Ekonomia pracy,Dr. Katarzyna Szymańska,UWR.OR4.NYJ.8726.KYV,D106,2025-03-24 11:00 - 11:45
Kapitał podwyższonego ryzyka,Dr. Piotr Dąbrowski,UMI.WM8.CRQ.7059.SDN,A326,2025-06-19 15:00 - 15:45
Relacje z pracownikami,Inż. Maria Dąbrowski,KWG.EU5.SBA.8424.ENI,B379,2025-07-02 13:00 - 13:45
Prawo gospodarcze,Prof. Zofia Miodowska,VEQ.VX8.OYN.3058.DWG,F208,2025-02-21 8:00 - 8:45
Teoria makroekonomiczna,Inż. Katarzyna Dąbrowska,DLR.JR8.DZW.1254.CDR,F208,2025-05-07 16:00 - 16:45
Efektywne przywództwo zespołowe,Dr hab. Piotr Nowakowski,RYX.BE0.FMU.1872.NND,D352,2025-05-28 12:00 - 12:45
Zarządzanie jakością,Prof. Piotr Kowalski,REY.EF1.LDG.3382.AKB,F124,2025-04-25 15:00 - 15:45
Zintegrowana komunikacja marketingowa,Prof. Tomasz Dąbrowski,HKZ.GL3.BJB.4801.KBY,A188,2025-04-30 8:00 - 8:45
Prezentacje i wystąpienia publiczne,Dr hab. Piotr Nowakowski,SUL.IP4.RGW.7174.FMM,C379,2025-03-20 10:00 - 10:45
Optymalizacja aplikacji mobilnych,Dr. Marek Kamiński,IDW.TJ8.EQN.2797.ORO,H134,2025-02-07 14:00 - 14:45
Zaawansowane techniki Excela,Mgr. Anna Lewandowska,GQA.DX2.YJU.0455.RKZ,F389,2025-06-02 15:00 - 15:45
Ekonomia behawioralna,Dr. Zofia Woźniakowska,YDD.CP0.OJM.7964.RBU,E173,2025-06-02 9:00 - 9:45
Handel międzynarodowy,Dr. Anna Lewandowska,KGD.BI4.TOU.2717.LEW,D333,2025-05-19 14:00 - 14:45
Zaawansowane finanse przedsiębiorstw,Mgr. Jan Lewandowski,GUJ.XX5.AAH.6247.ETG,A129,2025-02-21 15:00 - 15:45
Sieci komputerowe,Prof. Andrzej Szymański,UIE.CB5.ULG.4962.LZU,G364,2025-03-04 13:00 - 13:45
Teoria makroekonomiczna,Dr. Marek Lewandowski,RHU.GJ7.UZX.9301.XAD,B243,2025-02-12 16:00 - 16:45
Zarządzanie start-upami,Inż. Marek Szymański,NDM.CD3.UAP.5426.RMJ,B190,2025-02-07 10:00 - 10:45
Handel i finanse,Inż. Jan Szymański,NRZ.DO2.NLS.1664.FDN,B190,2025-06-02 16:00 - 16:45
Finanse przedsiębiorstw,Mgr. Marek Wójcik,REY.EF1.LDG.3382.AKB,C379,2025-02-12 15:00 - 15:45
Tworzenie treści cyfrowych,Prof. Marek Lewandowski,SBW.SS1.DHE.0691.GYW,H203,2025-03-25 12:00 - 12:45
Zarządzanie zasobami ludzkimi,Dr. Zofia Woźniakowska,QIL.FU4.CXU.0990.XKN,E173,2025-06-26 10:00 - 10:45
Regulacje importowe i eksportowe,Mgr. Jan Wiśniewski,EDB.RH5.MAR.3310.IIM,G210,2025-06-26 13:00 - 13:45
Kanały dystrybucji,Inż. Katarzyna Wiśniewska,ASA.ZH3.YPJ.4121.BXE,F345,2025-02-13 13:00 - 13:45
Etyka w finansach,Mgr. Anna Zielińska,WCZ.ZI6.EIL.6927.ANQ,H361,2025-02-18 10:00 - 10:45
Zaawansowane umiejętności komunikacyjne,Dr hab. Ewa Zielińska,EZE.KI2.VAU.3851.CQF,A242,2025-03-03 8:00 - 8:45
Zarządzanie wydarzeniami,Inż. Anna Kowalska,VVK.PE9.VAU.7412.MSK,H186,2025-06-05 11:00 - 11:45
Efektywne przywództwo zespołowe,Mgr. Marek Zieliński,EPJ.NN9.ETJ.0333.BAJ,H327,2025-03-07 12:00 - 12:45
Inteligentna logistyka,Dr. Piotr Dąbrowski,IPF.ES4.EHB.4201.SBL,D205,2025-05-02 9:00 - 9:45
Polityka ekonomiczna,Dr hab. Tomasz Woźniak,UKX.FS1.GKW.1833.PNM,B243,2025-03-21 14:00 - 14:45
Zarządzanie wydajnością,Inż. Anna Kowalska,RYX.BE0.FMU.1872.NND,C245,2025-04-21 9:00 - 9:45
Zarządzanie sprzedażą,Mgr. Piotr Wójcik,CPL.ID9.XHF.5445.QMA,B190,2025-04-10 9:00 - 9:45
Metody ilościowe w biznesie,Inż. Piotr Lewandowski,LUN.TR2.DAP.9566.KDS,G277,2025-03-27 9:00 - 9:45
Zaawansowana strategia marketingowa,Dr. Piotr Wiśniewski,NDM.YL9.LYB.3733.YGC,E211,2025-06-03 8:00 - 8:45
Przemysły kreatywne,Inż. Andrzej Kowalski,LUN.TR2.DAP.9566.KDS,F345,2025-04-25 16:00 - 16:45
Bankowość i usługi finansowe,Mgr. Piotr Kamień,YMH.LK9.BNM.4167.MHF,B300,2025-05-12 14:00 - 14:45
Regulacje rynków finansowych,Dr. Zofia Lewandowska,XGD.AR0.ANY.5116.CIL,B198,2025-03-13 14:00 - 14:45
Cyberbezpieczeństwo w biznesie,Prof. Piotr Kowalski,LMG.DA0.DJG.7897.GPB,E381,2025-05-15 11:00 - 11:45
Marketing międzynarodowy,Dr hab. Andrzej Lewandowski,FZG.ZU8.QCV.7696.WAK,G389,2025-03-20 11:00 - 11:45
Komunikacja interpersonalna,Inż. Jan Nowak,EGA.TU9.VRT.2826.QYN,F149,2025-03-24 15:00 - 15:45
Sieci komputerowe,Dr. Maria Zieliński,RHD.BD4.NHI.0876.JTY,A129,2025-05-21 8:00 - 8:45
Zarządzanie ryzykiem,Dr. Anna Dąbrowska,OFP.WJ0.LRJ.9559.RJH,D106,2025-06-30 11:00 - 11:45
Zarządzanie relacjami z klientem,Prof. Marek Lewandowski,EWA.HP7.WCN.5830.EAO,F328,2025-02-14 8:00 - 8:45
Aplikacje mobilne dla biznesu,Dr. Katarzyna Szyszka,QZK.BN3.APL.2257.JOO,E354,2025-03-03 15:00 - 15:45
Prezentacje i wystąpienia publiczne,Dr. Zofia Lewandowska,AXZ.MB6.PWL.5112.TTC,C332,2025-03-04 14:00 - 14:45
Zarządzanie relacjami z klientem,Dr hab. Piotr Nowak,SUB.TT7.GRJ.1897.VEF,A261,2025-02-20 12:00 - 12:45
Transformacja cyfrowa,Dr hab. Katarzyna Kamiński,WXD.JE6.FNR.6501.HUF,E348,2025-02-10 15:00 - 15:45
Strategie rekrutacyjne,Mgr. Anna Zielińska,KFC.GX1.OCI.3890.MTV,G104,2025-06-05 12:00 - 12:45
Analiza ruchu w sieci,Prof. Tomasz Wójcik,QKX.MM9.YVF.9122.IPU,E211,2025-06-25 12:00 - 12:45
Metodologia Six Sigma,Inż. Piotr Lewandowski,ZUQ.GU2.CGD.1182.WMT,C245,2025-06-04 8:00 - 8:45
Tworzenie stron internetowych,Dr. Katarzyna Szyszka,KKC.JV9.IUT.2954.OAH,F142,2025-05-07 11:00 - 11:45
Blockchain i kryptowaluty,Mgr. Marek Zieliński,APJ.FY5.UFT.6300.ONQ,H361,2025-04-30 14:00 - 14:45
Zastosowania uczenia maszynowego,Mgr. Tomasz Szymański,VQX.QB4.YFR.4773.SJP,H134,2025-04-11 14:00 - 14:45
Zaawansowane badania konsumenckie,Mgr. Jan Wiśniewski,UBA.MC9.JQI.9582.QRF,F124,2025-05-09 12:00 - 12:45
Relacje przemysłowe,Inż. Katarzyna Wiśniewska,IYM.AU1.QEN.8173.PIR,C328,2025-05-20 9:00 - 9:45
Zarządzanie jakością,Inż. Katarzyna Zielińska,JQG.HO1.SYW.0202.VDD,F229,2025-05-16 11:00 - 11:45
Zarządzanie relacjami z klientem,Mgr. Piotr Lewandowski,UIK.YG2.MZB.0483.FSE,A358,2025-02-27 14:00 - 14:45
Analiza HR,Prof. Zofia Wójcik,JSI.BX2.UAJ.4340.SGP,E233,2025-02-04 15:00 - 15:45
Podstawy zarządzania polem namiotowym,Inż. Jan Szymański,JKN.PY2.ZVG.0111.BAP,H211,2025-02-14 9:00 - 9:45
Aplikacje mobilne dla biznesu,Mgr. Maria Kamińska,UBA.MC9.JQI.9582.QRF,B379,2025-05-19 15:00 - 15:45
Visual Basic dla aplikacji,Mgr. Zofia Wiśniewska,CBZ.YK9.FTS.6484.FYG,D352,2025-03-03 13:00 - 13:45
Zaawansowana strategia marketingowa,Inż. Piotr Szymański,KFC.GX1.OCI.3890.MTV,G155,2025-03-13 15:00 - 15:45
Użycie oprogramowania statystycznego,Dr. Marek Kamiński,SBW.SS1.DHE.0691.GYW,A129,2025-04-17 12:00 - 12:45
Design Thinking,Dr. Marek Kamiński,TML.NS4.BCX.5709.BLF,D264,2025-03-03 16:00 - 16:45
Logistyka portowa i morska,Mgr. Jan Szymański,IFN.BI7.TAV.5742.WQF,E325,2025-02-10 16:00 - 16:45
Zaawansowane praktyki HR,Mgr. Zofia Wiśniewska,UZL.LB0.AQE.7323.UPI,B379,2025-03-21 9:00 - 9:45
Relacje z mediami,Prof. Andrzej Szymański,LLO.ZY4.WVH.2797.XDC,G277,2025-04-09 8:00 - 8:45
Zarządzanie jakością,Dr. Maria Zieliński,UEW.BV1.YXK.3683.TGY,D264,2025-04-29 13:00 - 13:45
Rachunek kosztów,Prof. Maria Woźniak,CBZ.YK9.FTS.6484.FYG,F205,2025-02-03 12:00 - 12:45
Zarządzanie polem namiotowym,Dr. Maria Lewandowska,EWE.GX2.ODV.7316.WMH,F345,2025-01-31 12:00 - 12:45
Zarządzanie reklamą,Dr hab. Ewa Zielińska,NDM.CD3.UAP.5426.RMJ,C143,2025-04-21 16:00 - 16:45
Teoria gier,Dr hab. Anna Wiśniewska,RYX.BE0.FMU.1872.NND,D106,2025-04-28 10:00 - 10:45
Marketing międzynarodowy,Dr. Jan Zieliński,NWW.AW6.BIF.8667.JPM,F205,2025-06-19 11:00 - 11:45
Zarządzanie zaopatrzeniem,Dr. Piotr Wiśniewski,EKT.LI5.HQV.1107.OVS,A188,2025-02-21 16:00 - 16:45
Psychologia konsumenta,Inż. Zofia Wójcik,KTW.VX2.MBA.2160.TPC,E354,2025-05-14 15:00 - 15:45
Analiza szeregów czasowych,Dr. Marek Lewandowski,IJW.BB3.HET.3202.BQI,E385,2025-05-19 11:00 - 11:45
Metodologia Six Sigma,Mgr. Maria Kamińska,KOR.XX2.LTF.8475.WBU,F139,2025-02-07 15:00 - 15:45
Techniki negocjacyjne,Mgr. Maria Lewandowska,ZWX.OH6.XXJ.2173.BGM,E173,2025-05-21 9:00 - 9:45
Biznes międzynarodowy,Mgr. Andrzej Kamiński,RON.JD8.HHL.4129.SXR,B190,2025-03-06 11:00 - 11:45
Copywriting i kreatywne pisanie,Prof. Marek Wójcik,BLB.OL6.FEJ.3647.EAL,D106,2025-04-03 13:00 - 13:45
Ekonomia nieruchomości,Dr. Anna Lewandowska,XLS.QK5.QSN.6714.RMY,B394,2025-03-27 10:00 - 10:45
Zamówienia publiczne,Mgr. Andrzej Kamiński,DKO.TD1.EWS.3152.AOQ,B394,2025-02-05 14:00 - 14:45
Ekonomia przemysłowa,Dr. Maria Dąbrowska,UIE.CB5.ULG.4962.LZU,F208,2025-05-20 12:00 - 12:45
Raportowanie zrównoważonego rozwoju,Mgr. Maria Lewandowska,ZWX.OH6.XXJ.2173.BGM,F142,2025-03-10 14:00 - 14:45
Strategie rekrutacyjne,Mgr. Tomasz Kamiński,TML.NS4.BCX.5709.BLF,H211,2025-03-21 10:00 - 10:45
Sztuczna inteligencja w biznesie,Inż. Zofia Woźniak,WZU.CW1.XTG.3642.WUL,E186,2025-02-06 13:00 - 13:45
Technologie finansowe (FinTech),Mgr. Jan Wiśniewski,TUX.QM4.RBR.3097.WGK,D255,2025-05-16 13:00 - 13:45
Techniki negocjacyjne,Dr. Andrzej Wiśniewski,JIC.UT3.KQX.0426.JOR,C328,2025-06-25 13:00 - 13:45
Środowisko prawne biznesu,Prof. Tomasz Dąbrowski,GUJ.XX5.AAH.6247.ETG,E354,2025-05-21 10:00 - 10:45
Zarządzanie projektami,Dr. Marek Dąbrowski,BNT.IW7.OSL.3405.NVE,F149,2025-04-30 15:00 - 15:45
Rachunkowość zarządcza,Dr. Piotr Woźniak,NWW.AW6.BIF.8667.JPM,E348,2025-05-23 16:00 - 16:45
Negocjacje i rozwiązywanie konfliktów,Inż. Andrzej Nowak,YQY.LN5.OLS.9958.FXB,A208,2025-02-24 12:00 - 12:45
Badania rynku,Dr. Marek Lewandowski,BIH.UW2.GQO.7951.ULE,D265,2025-07-02 15:00 - 15:45
Ekonomia behawioralna,Inż. Jan Szymański,EZE.KI2.VAU.3851.CQF,F149,2025-04-04 9:00 - 9:45
Przywództwo,Prof. Andrzej Szymański,DZE.CI4.XLZ.8254.SJU,B135,2025-03-27 11:00 - 11:45
Rachunkowość finansowa,Prof. Katarzyna Zielińska,EDK.VE5.MBM.5514.LJK,D255,2025-03-20 13:00 - 13:45
Finanse publiczne,Mgr. Piotr Lewandowski,GQA.DX2.YJU.0455.RKZ,H235,2025-03-24 16:00 - 16:45
Teoria makroekonomiczna,Prof. Zofia Zielińska,WSX.ZB2.IDE.4895.TVM,F328,2025-02-05 15:00 - 15:45
Zaawansowane techniki Excela,Mgr. Tomasz Kamiński,GQA.DX2.YJU.0455.RKZ,G252,2025-04-29 14:00 - 14:45
Rachunek kosztów,Dr. Marek Lewandowski,EWA.HP7.WCN.5830.EAO,H361,2025-02-26 8:00 - 8:45
Technologie finansowe (FinTech),Prof. Tomasz Wójcik,APJ.FY5.UFT.6300.ONQ,B120,2025-03-31 13:00 - 13:45
Biznes międzynarodowy,Dr hab. Anna Wiśniewska,REY.EF1.LDG.3382.AKB,D271,2025-05-21 11:00 - 11:45
Analiza marketingowa,Dr. Andrzej Wiśniewski,CYV.DC9.AFR.6362.CYX,B384,2025-04-11 12:00 - 12:45
Metodologia Six Sigma,Dr. Maria Lewandowska,PLH.LQ3.MTC.3521.PGO,D191,2025-02-28 13:00 - 13:45
Zastosowania uczenia maszynowego,Dr hab. Anna Wiśniewska,FRA.FN4.QZU.8710.HOY,C320,2025-06-24 14:00 - 14:45
Blockchain i kryptowaluty,Inż. Tomasz Kowalski,IFM.NY9.YNX.6019.RXM,D160,2025-03-18 10:00 - 10:45
Zarządzanie wydarzeniami,Inż. Katarzyna Wiśniewska,REY.EF1.LDG.3382.AKB,A396,2025-01-30 14:00 - 14:45
Zarządzanie detaliczne,Prof. Jan Szymański,CYV.DC9.AFR.6362.CYX,H327,2025-03-28 15:00 - 15:45
Transformacja cyfrowa,Inż. Katarzyna Dąbrowska,EJC.LZ3.AXY.2836.HED,A129,2025-06-24 15:00 - 15:45
Strategie rekrutacyjne,Prof. Zofia Wójcik,SZY.OR3.WYO.6406.MXZ,D191,2025-04-07 15:00 - 15:45
Operacje magazynowe,Dr. Jan Zieliński,KGD.BI4.TOU.2717.LEW,C332,2025-06-12 15:00 - 15:45
Zarządzanie reklamą,Inż. Zofia Dąbrowska,IAN.EB9.HAN.4884.THC,E325,2025-03-04 8:00 - 8:45
Analiza dużych zbiorów danych,Dr hab. Piotr Nowak,QKN.FU1.NVZ.7963.LGU,E233,2025-06-03 9:00 - 9:45
Tworzenie stron internetowych,Mgr. Maria Kamińska,QGF.VQ3.SEX.5164.CAI,D265,2025-04-23 12:00 - 12:45
Rozwój produktu,Inż. Maria Wiśniewska,YSH.CI5.YEG.5108.TOL,E353,2025-05-16 9:00 - 9:45
Modelowanie predykcyjne,Mgr. Anna Zielińska,BNT.IW7.OSL.3405.NVE,F208,2025-02-04 11:00 - 11:45
Wprowadzenie do nauki o danych,Dr. Maria Zieliński,FCK.AU2.WAZ.6050.BTI,G364,2025-04-04 10:00 - 10:45
Podstawy zarządzania,Dr. Anna Zielińska,ZWX.OH6.XXJ.2173.BGM,D255,2025-06-16 12:00 - 12:45
Strategia wprowadzania nowego produktu,Prof. Zofia Miodowska,NRZ.DO2.NLS.1664.FDN,B165,2025-06-18 9:00 - 9:45
Prezentacje i wystąpienia publiczne,Dr hab. Anna Wiśniewska,FUB.SC2.STJ.5039.YMI,H112,2025-06-04 12:00 - 12:45
Prawo gospodarcze,Dr hab. Maria Lewandowska,EYU.DT6.TBC.3104.SJC,G311,2025-03-18 11:00 - 11:45
Etyczne hackowanie dla biznesu,Prof. Maria Wójcik,EDK.VE5.MBM.5514.LJK,F389,2025-03-06 12:00 - 12:45
Finanse przedsiębiorstw,Dr. Anna Dąbrowska,YRI.BF4.UAT.9531.JAD,E282,2025-02-24 8:00 - 8:45
Prezentacje i wystąpienia publiczne,Dr hab. Zofia Szymanowska,DLR.JR8.DZW.1254.CDR,G311,2025-02-17 11:00 - 11:45
Finanse publiczne,Inż. Katarzyna Zielińska,EJP.UH3.LEV.8022.YDH,F345,2025-02-25 10:00 - 10:45
Zarządzanie ryzykiem,Mgr. Jan Wiśniewski,FRN.RT0.YRW.7844.INO,A396,2025-04-16 16:00 - 16:45
Badania operacyjne,Inż. Katarzyna Wiśniewska,ZFT.RD7.FTV.1813.RKV,H251,2025-06-09 14:00 - 14:45
Optymalizacja procesów biznesowych,Dr. Marek Lewandowski,IPF.ES4.EHB.4201.SBL,D271,2025-06-09 9:00 - 9:45
Etyka biznesu,Prof. Anna Nowak,OFE.KR6.JQI.4517.RMA,E348,2025-03-17 16:00 - 16:45
Zarządzanie zaopatrzeniem,Inż. Jan Szymański,QYC.YJ4.TUT.5534.TQY,F345,2025-03-21 15:00 - 15:45
Zarządzanie projektami,Mgr. Katarzyna Szymańska,QSE.BX6.RDZ.3792.YNU,D160,2025-03-03 14:00 - 14:45
Zarządzanie łańcuchem dostaw,Prof. Marek Wójcik,TUX.QM4.RBR.3097.WGK,E318,2025-06-06 9:00 - 9:45
Zarządzanie transportem kolejowym,Prof. Maria Woźniak,TQM.HD9.EEI.3934.STN,C245,2025-03-04 15:00 - 15:45
Zarządzanie logistyką,Dr hab. Zofia Szymanowska,WYI.TL2.TFF.6186.JHL,F124,2025-04-04 16:00 - 16:45
Historia gospodarcza,Mgr. Tomasz Kamiński,YDE.JT5.QJX.5219.EDV,A242,2025-03-14 12:00 - 12:45
Zarządzanie projektami IT,Mgr. Piotr Wójcik,HVT.AU4.ZYZ.2948.MBF,H369,2025-05-02 10:00 - 10:45
Zarządzanie międzykulturowe,Inż. Piotr Lewandowski,TQM.HD9.EEI.3934.STN,A129,2025-03-13 16:00 - 16:45
Zarządzanie wydarzeniami,Dr hab. Ewa Dąbrowska,HKZ.GL3.BJB.4801.KBY,G240,2025-02-07 16:00 - 16:45
Zielony łańcuch dostaw,Dr. Maria Lewandowska,CFZ.ID0.BEZ.3781.RGX,H186,2025-04-22 12:00 - 12:45
Globalizacja i biznes,Dr. Jan Zieliński,ZFT.RD7.FTV.1813.RKV,A396,2025-03-26 15:00 - 15:45
Zarządzanie wydajnością,Dr hab. Andrzej Wójcik,JEA.JB5.MHM.9323.KHY,E354,2025-03-14 8:00 - 8:45
Finanse publiczne,Mgr. Katarzyna Szymańska,SUL.IP4.RGW.7174.FMM,H101,2025-02-14 15:00 - 15:45
Ekonomia przemysłowa,Inż. Marek Szymański,YMH.LK9.BNM.4167.MHF,G210,2025-03-31 16:00 - 16:45
Zasady audytu,Prof. Zofia Wójcik,RSQ.YZ3.EGU.5784.EXO,F389,2025-03-13 11:00 - 11:45
Relacje przemysłowe,Mgr. Tomasz Dąbkowski,IAN.EB9.HAN.4884.THC,A129,2025-04-10 10:00 - 10:45
Zarządzanie polem namiotowym,Mgr. Zofia Kowalska,UZE.LD2.TEV.5749.FHG,B340,2025-06-20 15:00 - 15:45
Relacje z mediami,Mgr. Marek Wójcik,EGA.TU9.VRT.2826.QYN,D106,2025-02-27 11:00 - 11:45
Biznes międzynarodowy,Inż. Jan Nowak,PLH.LQ3.MTC.3521.PGO,D106,2025-01-31 13:00 - 13:45
Zarządzanie strategiczne,Dr. Marek Dąbrowski,SQP.TV7.URO.4305.QVL,A242,2025-05-14 16:00 - 16:45
Zachowania konsumentów,Inż. Jan Nowak,RYX.BE0.FMU.1872.NND,G389,2025-02-25 11:00 - 11:45
Kanały dystrybucji,Inż. Katarzyna Dąbrowska,YMH.LK9.BNM.4167.MHF,C332,2025-04-15 8:00 - 8:45
Analiza dużych zbiorów danych,Inż. Marek Szymański,XUT.PP4.WUP.5597.NPT,B379,2025-06-17 14:00 - 14:45
Przywództwo,Dr. Zofia Woźniakowska,TJV.BQ7.GMX.2994.NOH,B379,2025-02-13 8:00 - 8:45
Ekonomia energetyczna,Mgr. Maria Dąbrowska,XUQ.LY4.VSA.1894.UIH,E354,2025-05-30 14:00 - 14:45
Ekonomia nieruchomości,Inż. Anna Kowalska,PXN.NF6.JCD.2409.YTY,C328,2025-04-04 14:00 - 14:45
Zaawansowane badania konsumenckie,Prof. Zofia Wójcik,SQP.TV7.URO.4305.QVL,G104,2025-05-22 15:00 - 15:45
Finanse behawioralne,Dr hab. Ewa Dąbrowska,AID.WO9.PQJ.6573.EAV,H236,2025-06-13 11:00 - 11:45
Wprowadzenie do mikroekonomii,Mgr. Marek Wójcik,BFN.OF8.PWR.0279.RWQ,E211,2025-03-26 16:00 - 16:45
Rozwój produktu,Prof. Maria Wójcik,KTW.VX2.MBA.2160.TPC,H186,2025-04-01 15:00 - 15:45
Prawo gospodarcze,Dr. Maria Zieliński,LKU.BN9.NAA.4285.QLQ,D264,2025-06-02 10:00 - 10:45
Bankowość i usługi finansowe,Mgr. Jan Szymański,EYU.DT6.TBC.3104.SJC,F389,2025-03-28 8:00 - 8:45
Globalne strategie HR,Inż. Katarzyna Dąbrowska,QYC.YJ4.TUT.5534.TQY,B226,2025-05-19 12:00 - 12:45
Zarządzanie operacyjne,Inż. Andrzej Kowalski,EJP.UH3.LEV.8022.YDH,D352,2025-05-21 12:00 - 12:45
Tworzenie treści cyfrowych,Inż. Andrzej Kowalski,UZL.LB0.AQE.7323.UPI,F345,2025-03-11 14:00 - 14:45
Zaawansowana strategia marketingowa,Mgr. Piotr Szymański,FZR.NM3.HNC.2615.WZA,F205,2025-05-20 10:00 - 10:45
Ekonomia nieruchomości,Dr hab. Maria Lewandowska,REY.EF1.LDG.3382.AKB,G364,2025-05-30 15:00 - 15:45
Transformacja cyfrowa,Prof. Tomasz Wójcik,GCH.DV6.ERX.9640.DNJ,G364,2025-02-24 9:00 - 9:45
E-commerce,Dr. Maria Dąbrowska,NDK.FF5.RXY.5916.IDI,A326,2025-06-26 14:00 - 14:45
Finanse publiczne,Mgr. Anna Zielińska,KDP.BC8.VXT.8146.OUS,G389,2025-04-25 9:00 - 9:45
Inteligentna logistyka miejska,Inż. Jan Szymański,NHT.TT7.RJR.0906.MSZ,D191,2025-04-18 9:00 - 9:45
Zarządzanie zdrowiem i bezpieczeństwem,Mgr. Zofia Kowalska,YFY.AV8.HYC.2161.UAZ,G311,2025-06-10 14:00 - 14:45
Zarządzanie sprzedażą,Mgr. Zofia Kowalska,TNW.AG3.GVN.7332.DQB,D191,2025-05-21 13:00 - 13:45
Etyka w biznesie międzynarodowym,Prof. Maria Szymańska,XXS.EZ2.OIQ.3916.YLB,E325,2025-02-25 9:00 - 9:45
Logistyka portowa i morska,Dr. Marek Woźniak,UXG.UH4.KAL.6970.LCC,B243,2025-05-30 10:00 - 10:45
Analiza szeregów czasowych,Mgr. Tomasz Szymański,IDW.TJ8.EQN.2797.ORO,C143,2025-02-21 11:00 - 11:45
Tworzenie stron internetowych,Dr. Marek Lewandowski,JQG.HO1.SYW.0202.VDD,B300,2025-01-30 15:00 - 15:45
Zarządzanie marką,Inż. Zofia Dąbrowska,SEA.EL4.UCP.5738.FCI,F345,2025-05-29 11:00 - 11:45
Transformacja cyfrowa,Prof. Zofia Wójcik,WZU.CW1.XTG.3642.WUL,C320,2025-02-26 15:00 - 15:45
Ubezpieczenia,Mgr. Marek Wójcik,YDD.CP0.OJM.7964.RBU,H251,2025-06-23 8:00 - 8:45
Wprowadzenie do nauki o danych,Prof. Maria Szymańska,PXN.NF6.JCD.2409.YTY,C242,2025-03-07 13:00 - 13:45
Rachunkowość finansowa,Mgr. Maria Dąbrowska,DLR.JR8.DZW.1254.CDR,G389,2025-01-30 9:00 - 9:45
Strategia korporacyjna,Mgr. Anna Lewandowska,TZY.YT4.LMI.6309.TTF,F244,2025-03-27 12:00 - 12:45
Ekonomia energetyczna,Dr hab. Andrzej Lewandowski,XLS.QK5.QSN.6714.RMY,E354,2025-02-17 12:00 - 12:45
Design Thinking,Inż. Katarzyna Wiśniewska,YFY.AV8.HYC.2161.UAZ,A396,2025-05-29 14:00 - 14:45
Finanse łańcucha dostaw,Dr. Marek Lewandowski,HPC.JR1.ZWN.0497.ITX,D191,2025-06-17 9:00 - 9:45
Zarządzanie reklamą,Inż. Andrzej Nowak,UIK.YG2.MZB.0483.FSE,B193,2025-04-09 9:00 - 9:45
Globalizacja i biznes,Dr. Marek Dąbrowski,IUX.GM7.ALK.4346.VED,F244,2025-06-05 9:00 - 9:45
Podstawy zarządzania,Prof. Katarzyna Zielińska,EWA.HP7.WCN.5830.EAO,C379,2025-03-10 12:00 - 12:45
Użycie oprogramowania statystycznego,Mgr. Zofia Wiśniewska,JIC.UT3.KQX.0426.JOR,E282,2025-02-10 11:00 - 11:45
Kreatywność i innowacje,Dr. Katarzyna Szymańska,CPU.AW1.GOQ.7175.XAG,G240,2025-02-20 9:00 - 9:45
Komunikacja interpersonalna,Dr. Marek Kamiński,HMP.ZE3.VKW.6047.OAW,H236,2025-03-28 9:00 - 9:45
Zarządzanie innowacjami,Inż. Andrzej Kowalski,UWR.OR4.NYJ.8726.KYV,F244,2025-02-28 8:00 - 8:45
Metodologia Six Sigma,Mgr. Piotr Szymański,APJ.FY5.UFT.6300.ONQ,C379,2025-02-26 9:00 - 9:45
Negocjacje i rozwiązywanie konfliktów,Dr. Piotr Woźniak,CQO.ZF5.MEI.7798.VHM,D333,2025-03-21 16:00 - 16:45
Zrównoważony rozwój,Dr. Anna Lewandowska,QKN.FU1.NVZ.7963.LGU,A396,2025-03-03 9:00 - 9:45
Kanały dystrybucji,Prof. Tomasz Dąbrowski,QKS.EA3.WMI.4507.BGM,C105,2025-03-25 13:00 - 13:45
Sztuczna inteligencja w biznesie,Dr. Zofia Woźniakowska,SEL.QF9.EMP.1242.OKU,D255,2025-04-02 11:00 - 11:45
Design Thinking,Dr hab. Tomasz Woźniak,SEL.QF9.EMP.1242.OKU,C320,2025-03-11 10:00 - 10:45
Zarządzanie zasobami ludzkimi,Mgr. Maria Kamińska,WCZ.ZI6.EIL.6927.ANQ,F229,2025-03-05 14:00 - 14:45
Zachowania organizacyjne,Dr hab. Maria Lewandowska,EWE.GX2.ODV.7316.WMH,A188,2025-04-01 8:00 - 8:45
Zaawansowane techniki Excela,Dr hab. Zofia Szymanowska,DZE.CI4.XLZ.8254.SJU,E186,2025-06-18 15:00 - 15:45
Rachunkowość zarządcza,Dr hab. Andrzej Lewandowski,YFY.AV8.HYC.2161.UAZ,B340,2025-06-27 10:00 - 10:45
Przedsiębiorczość,Prof. Zofia Zielińska,SIL.DJ6.TIA.8325.HAB,H235,2025-06-19 16:00 - 16:45
Ekonomia polityczna,Dr hab. Ewa Dąbrowska,TML.NS4.BCX.5709.BLF,B340,2025-03-18 16:00 - 16:45
Wprowadzenie do makroekonomii,Dr hab. Marek Dąbrowski,OBB.VH5.LUN.0250.ZGC,H361,2025-02-05 16:00 - 16:45
Analiza ruchu w sieci,Prof. Katarzyna Wójcik,TUT.BO9.PPN.5857.JDI,B198,2025-03-27 8:00 - 8:45
Lean Management,Dr hab. Marek Zieliński,YRI.BF4.UAT.9531.JAD,B299,2025-03-07 14:00 - 14:45
Analiza HR,Dr hab. Piotr Nowak,BFP.QK3.YOL.4994.ANV,G389,2025-07-03 15:00 - 15:45
Systemy zarządzania bazami danych,Dr hab. Anna Wiśniewska,XGD.AR0.ANY.5116.CIL,H264,2025-02-11 11:00 - 11:45
Zaawansowane finanse przedsiębiorstw,Mgr. Piotr Kamiński,EWA.HP7.WCN.5830.EAO,G364,2025-04-30 16:00 - 16:45
Historia gospodarcza,Dr. Anna Zielińska,RFV.CH2.OLX.7492.FPO,F124,2025-04-22 13:00 - 13:45
Zamówienia publiczne,Prof. Zofia Wójcik,NOY.KB2.GLS.8276.NTK,D255,2025-04-14 13:00 - 13:45
Zachowania organizacyjne,Dr hab. Piotr Nowakowski,YMH.LK9.BNM.4167.MHF,C379,2025-01-30 12:00 - 12:45
Zrównoważony rozwój,Dr. Maria Zieliński,TXE.TR0.JGS.5994.WSD,D271,2025-04-16 8:00 - 8:45
Transformacja cyfrowa,Inż. Andrzej Kowalski,EDK.VE5.MBM.5514.LJK,H134,2025-02-14 16:00 - 16:45
Studia kulturowe,Mgr. Maria Dąbrowska,CYV.DC9.AFR.6362.CYX,F142,2025-02-26 10:00 - 10:45
Zarządzanie międzykulturowe,Dr hab. Zofia Szymanowska,YHL.FN3.YQB.9858.ITR,F142,2025-05-16 16:00 - 16:45
Ubezpieczenia,Inż. Zofia Woźniak,ZBD.VA1.MYH.5403.BLV,F205,2025-06-10 15:00 - 15:45
Teoria mikroekonomiczna,Prof. Tomasz Dąbrowski,FGJ.AP7.YSO.3133.DTF,C332,2025-02-17 13:00 - 13:45
Zaawansowane umiejętności komunikacyjne,Prof. Piotr Nowak,EYU.DT6.TBC.3104.SJC,D333,2025-07-02 10:00 - 10:45
Zarządzanie logistyką,Inż. Katarzyna Zielińska,SWG.KD4.MEK.9582.KWP,F205,2025-04-14 10:00 - 10:45
Ekonomia pracy,Mgr. Marek Zieliński,TXE.TR0.JGS.5994.WSD,B193,2025-03-14 9:00 - 9:45
Rozwój gospodarczy,Inż. Jan Szymański,EZE.KI2.VAU.3851.CQF,H365,2025-03-12 15:00 - 15:45
Zaawansowane zaangażowanie pracowników,Prof. Zofia Wójcik,DKO.TD1.EWS.3152.AOQ,G277,2025-04-30 9:00 - 9:45
Planowanie finansowe,Prof. Tomasz Dąbrowski,YDE.JT5.QJX.5219.EDV,D264,2025-04-18 10:00 - 10:45
Etyka w biznesie międzynarodowym,Dr. Zofia Woźniakowska,HVT.AU4.ZYZ.2948.MBF,E385,2025-02-26 16:00 - 16:45
Bankowość i usługi finansowe,Mgr. Piotr Dąbrowski,KGD.BI4.TOU.2717.LEW,B394,2025-04-18 11:00 - 11:45
Zarządzanie portfelem,Dr hab. Zofia Szymanowska,SEL.QF9.EMP.1242.OKU,A208,2025-06-10 16:00 - 16:45
Sprawozdawczość korporacyjna,Mgr. Maria Kamińska,QSE.BX6.RDZ.3792.YNU,E286,2025-02-18 14:00 - 14:45
Zarządzanie sprzedażą,Dr. Katarzyna Szyszka,RLG.ZU1.UWL.6089.NVU,G311,2025-05-02 11:00 - 11:45
Finanse łańcucha dostaw,Inż. Ewa Dąbrowska,ZWX.OH6.XXJ.2173.BGM,F106,2025-03-31 14:00 - 14:45
Zarządzanie innowacjami,Dr hab. Piotr Szymański,ETE.RG4.ZJW.8466.LMA,E385,2025-02-06 8:00 - 8:45
Użycie oprogramowania statystycznego,Dr. Katarzyna Zielińska,TUT.BO9.PPN.5857.JDI,A188,2025-03-05 15:00 - 15:45
Planowanie mediów,Dr. Katarzyna Szyszka,QKN.FU1.NVZ.7963.LGU,B209,2025-03-20 14:00 - 14:45
Wprowadzenie do mikroekonomii,Dr. Maria Dąbrowska,ONB.OI9.BTJ.4024.QSE,D333,2025-03-11 11:00 - 11:45
Międzynarodowe zarządzanie finansami,Dr. Katarzyna Szymańska,FGJ.AP7.YSO.3133.DTF,A261,2025-02-06 9:00 - 9:45
Inteligentna logistyka,Dr hab. Piotr Nowakowski,NRZ.DO2.NLS.1664.FDN,F244,2025-06-06 15:00 - 15:45
Zarządzanie start-upami,Dr. Maria Lewandowska,PMK.AP7.GZV.9744.LIX,C105,2025-04-07 8:00 - 8:45
Relacje przemysłowe,Dr. Marek Zieliński,TZY.YT4.LMI.6309.TTF,B198,2025-07-01 12:00 - 12:45
Python dla biznesu,Mgr. Maria Lewandowska,SUB.TT7.GRJ.1897.VEF,B243,2025-04-03 14:00 - 14:45
Porównawcze systemy ekonomiczne,Inż. Ewa Dąbrowska,UEW.BV1.YXK.3683.TGY,B190,2025-02-20 13:00 - 13:45
Relacje z pracownikami,Dr hab. Piotr Szymański,HVT.AU4.ZYZ.2948.MBF,D280,2025-04-04 15:00 - 15:45
Ekonomia transportu,Dr hab. Ewa Zielińska,PMK.AP7.GZV.9744.LIX,E354,2025-03-27 13:00 - 13:45
Budowanie marki online,Dr hab. Marek Dąbrowski,DOO.AF7.PUQ.1948.HOL,E286,2025-06-05 10:00 - 10:45
Analiza szeregów czasowych,Prof. Andrzej Szymański,ZCT.XU8.BJX.7206.HOP,G389,2025-05-16 12:00 - 12:45
Kapitał podwyższonego ryzyka,Dr. Anna Lewandowska,SQP.TV7.URO.4305.QVL,B299,2025-02-06 14:00 - 14:45
Badania operacyjne,Mgr. Zofia Kowalska,PQI.RE0.JLJ.2117.PNV,H112,2025-04-17 13:00 - 13:45
Optymalizacja dla wyszukiwarek (SEO),Mgr. Anna Zielińska,OBB.VH5.LUN.0250.ZGC,E165,2025-03-18 8:00 - 8:45
Zarządzanie zaopatrzeniem,Mgr. Jan Szymański,WZU.CW1.XTG.3642.WUL,B198,2025-04-08 12:00 - 12:45
Biznes międzynarodowy,Inż. Jan Szymański,IFN.BI7.TAV.5742.WQF,B198,2025-04-29 8:00 - 8:45
Finanse przedsiębiorstw,Dr. Katarzyna Szyszka,APJ.FY5.UFT.6300.ONQ,F244,2025-02-03 16:00 - 16:45
Finanse łańcucha dostaw,Dr hab. Piotr Szymański,QIL.FU4.CXU.0990.XKN,G240,2025-03-05 16:00 - 16:45
Planowanie mediów,Prof. Tomasz Wójcik,EYU.DT6.TBC.3104.SJC,B299,2025-04-10 11:00 - 11:45
Rachunek kosztów,Dr. Maria Zieliński,KOR.XX2.LTF.8475.WBU,A208,2025-06-18 10:00 - 10:45
Zaawansowane techniki Excela,Mgr. Piotr Dąbrowski,ZFT.RD7.FTV.1813.RKV,G210,2025-06-18 11:00 - 11:45
Zaawansowana analiza makroekonomiczna,Dr hab. Andrzej Lewandowski,HTK.LE6.AAW.1341.XLJ,H112,2025-05-09 16:00 - 16:45
Lean Management,Mgr. Jan Wiśniewski,QSN.MI8.RAT.1792.MAV,D264,2025-06-11 14:00 - 14:45
Podatki,Mgr. Piotr Szymański,JQG.HO1.SYW.0202.VDD,H251,2025-05-09 8:00 - 8:45
Prognozowanie sprzedaży,Dr. Anna Lewandowska,HMP.ZE3.VKW.6047.OAW,C379,2025-06-23 16:00 - 16:45
Regulacje importowe i eksportowe,Mgr. Marek Wójcik,WCZ.ZI6.EIL.6927.ANQ,H101,2025-04-17 8:00 - 8:45
Planowanie finansowe,Mgr. Tomasz Polak,IHD.KT1.POS.9964.MVT,B300,2025-05-22 10:00 - 10:45
Zarządzanie danymi klientów,Inż. Katarzyna Dąbrowska,SBW.SS1.DHE.0691.GYW,E233,2025-02-13 10:00 - 10:45
Rozwój organizacyjny,Inż. Maria Wiśniewska,GOP.OU5.DLB.8286.QFC,B135,2025-05-06 10:00 - 10:45
Zasady audytu,Dr hab. Katarzyna Kamiński,OOG.CU9.LTX.5149.CYJ,A208,2025-05-23 13:00 - 13:45
Zarządzanie strategiczne,Inż. Anna Kowalska,NHT.TT7.RJR.0906.MSZ,C332,2025-03-17 10:00 - 10:45
Marketing cyfrowy,Inż. Zofia Woźniak,YMH.LK9.BNM.4167.MHF,F124,2025-05-30 11:00 - 11:45
Regulacje importowe i eksportowe,Mgr. Piotr Szymański,DHN.YK3.TPY.3244.MKR,B300,2025-04-28 15:00 - 15:45
Regulacje importowe i eksportowe,Prof. Tomasz Dąbrowski,RPD.NI0.ROW.4727.MGK,C379,2025-06-16 13:00 - 13:45
Budowanie marki online,Mgr. Piotr Szymański,KSE.CS3.URP.5488.MSK,A261,2025-06-10 11:00 - 11:45
Zarządzanie wydarzeniami,Dr. Marek Woźniak,UWR.OR4.NYJ.8726.KYV,C379,2025-04-02 16:00 - 16:45
Analiza decyzyjna,Prof. Zofia Miodowska,EJC.LZ3.AXY.2836.HED,B384,2025-04-23 13:00 - 13:45
Zachowania organizacyjne,Inż. Anna Kowalska,EJC.LZ3.AXY.2836.HED,H235,2025-02-07 11:00 - 11:45
Podatki,Inż. Katarzyna Wiśniewska,NOY.KB2.GLS.8276.NTK,F139,2025-06-24 16:00 - 16:45
Zarządzanie cyklem życia produktu,Inż. Katarzyna Dąbrowska,DTQ.YN8.OSR.2823.BLL,B379,2025-04-25 13:00 - 13:45
Zarządzanie zdrowiem i bezpieczeństwem,Dr. Katarzyna Zielińska,CQO.ZF5.MEI.7798.VHM,F328,2025-04-29 9:00 - 9:45
Etyczne hackowanie dla biznesu,Dr. Andrzej Wiśniewski,QZK.BN3.APL.2257.JOO,F208,2025-03-19 8:00 - 8:45
Zarządzanie markami luksusowymi,Inż. Piotr Szymański,YDE.JT5.QJX.5219.EDV,E325,2025-05-23 14:00 - 14:45
Analiza marketingowa,Dr. Ewa Zielińska,CPU.AW1.GOQ.7175.XAG,A242,2025-05-02 16:00 - 16:45
Zarządzanie detaliczne,Mgr. Maria Dąbrowska,EZE.KI2.VAU.3851.CQF,E354,2025-04-16 9:00 - 9:45
Teoria mikroekonomiczna,Prof. Andrzej Szymański,GCH.DV6.ERX.9640.DNJ,E165,2025-06-23 9:00 - 9:45
Zarządzanie międzykulturowe,Prof. Maria Woźniak,DEN.CL3.POI.0792.DSS,D205,2025-05-27 13:00 - 13:45
Zachowania organizacyjne,Dr. Marek Kamiński,OFP.WJ0.LRJ.9559.RJH,C245,2025-04-10 14:00 - 14:45
Etyka biznesu,Inż. Piotr Szymański,EGA.TU9.VRT.2826.QYN,E381,2025-02-05 11:00 - 11:45
Strategia korporacyjna,Mgr. Piotr Szymański,OOG.CU9.LTX.5149.CYJ,D280,2025-03-10 15:00 - 15:45
Ekonomia przemysłowa,Mgr. Anna Lewandowska,LLO.ZY4.WVH.2797.XDC,C328,2025-04-30 10:00 - 10:45
Etyczne hackowanie dla biznesu,Dr. Marek Woźniak,TXE.TR0.JGS.5994.WSD,E348,2025-04-30 11:00 - 11:45
Zarządzanie reklamą,Mgr. Piotr Szymański,IHD.KT1.POS.9964.MVT,H101,2025-02-04 12:00 - 12:45
Modelowanie finansowe,Prof. Zofia Miodowska,FZM.DZ8.UXQ.8836.LIA,A129,2025-03-28 12:00 - 12:45
Planowanie mediów,Prof. Andrzej Szymański,BKM.SW8.AXI.5980.EIA,B165,2025-02-17 14:00 - 14:45
Sieci komputerowe,Dr hab. Andrzej Lewandowski,OFE.KR6.JQI.4517.RMA,C320,2025-01-31 8:00 - 8:45
Technologie finansowe (FinTech),Inż. Katarzyna Zielińska,IFM.NY9.YNX.6019.RXM,A136,2025-05-28 9:00 - 9:45
Analiza dużych zbiorów danych,Prof. Marek Wójcik,MIR.SW8.VIF.7653.UAG,H236,2025-05-20 13:00 - 13:45
Zarządzanie markami luksusowymi,Inż. Zofia Woźniak,MSD.KD5.SIQ.3688.DTR,B209,2025-05-19 8:00 - 8:45
Zielony łańcuch dostaw,Inż. Zofia Woźniak,RSQ.YZ3.EGU.5784.EXO,C242,2025-02-20 10:00 - 10:45
Odpowiedzialność społeczna przedsiębiorstw,Dr hab. Tomasz Woźniak,OBB.VH5.LUN.0250.ZGC,H186,2025-05-22 11:00 - 11:45
Zarządzanie relacjami z klientem,Prof. Zofia Zielińska,SBW.SS1.DHE.0691.GYW,B209,2025-02-25 13:00 - 13:45
Studia kulturowe,Inż. Tomasz Kowalski,QMY.KY7.WGH.8609.ZNW,G389,2025-07-03 9:00 - 9:45
Zaawansowane finanse przedsiębiorstw,Dr hab. Katarzyna Kamiński,EWE.GX2.ODV.7316.WMH,B165,2025-05-12 8:00 - 8:45
Analiza marketingowa,Dr. Zofia Woźniakowska,NWW.AW6.BIF.8667.JPM,C379,2025-04-25 10:00 - 10:45
Ekonometria,Dr hab. Anna Wiśniewska,KDP.BC8.VXT.8146.OUS,B379,2025-06-09 15:00 - 15:45
Strategie cenowe,Mgr. Tomasz Nowakiewicz,TUT.BO9.PPN.5857.JDI,B299,2025-04-23 15:00 - 15:45
Teoria mikroekonomiczna,Mgr. Maria Dąbrowska,DOO.AF7.PUQ.1948.HOL,A136,2025-04-29 10:00 - 10:45
Porównawcze systemy ekonomiczne,Inż. Zofia Dąbrowska,WCZ.ZI6.EIL.6927.ANQ,C105,2025-03-12 10:00 - 10:45
Użycie oprogramowania statystycznego,Inż. Maria Dąbrowski,BKM.SW8.AXI.5980.EIA,E282,2025-04-01 10:00 - 10:45
Budowanie marki online,Dr. Piotr Woźniak,HVT.AU4.ZYZ.2948.MBF,D333,2025-01-31 9:00 - 9:45
Zarządzanie lotnictwem,Dr. Ewa Zielińska,TZY.YT4.LMI.6309.TTF,C328,2025-06-18 12:00 - 12:45
Wprowadzenie do makroekonomii,Prof. Maria Woźniak,HVB.OJ6.GZB.7025.KSG,H235,2025-05-02 12:00 - 12:45
Regulacje dotyczące prywatności danych,Inż. Marek Szymański,DHN.YK3.TPY.3244.MKR,D385,2025-03-06 16:00 - 16:45
Handel międzynarodowy,Dr. Maria Dąbrowska,DYN.MU5.MFH.6950.DJM,B299,2025-06-20 16:00 - 16:45
Strategie rekrutacyjne,Mgr. Anna Zielińska,QGF.VQ3.SEX.5164.CAI,B135,2025-04-08 16:00 - 16:45
Przemysły kreatywne,Inż. Anna Kowalska,OIA.PL3.WUJ.5193.MRZ,E173,2025-02-19 11:00 - 11:45
Visual Basic dla aplikacji,Mgr. Jan Lewandowski,EDB.RH5.MAR.3310.IIM,A188,2025-04-24 9:00 - 9:45
Prognozowanie sprzedaży,Dr. Marek Lewandowski,EKT.LI5.HQV.1107.OVS,C320,2025-03-20 15:00 - 15:45
Podstawy marketingu,Dr. Anna Zielińska,XVL.LU4.PEN.2514.ODK,E211,2025-07-03 8:00 - 8:45
Podstawy marketingu,Dr. Katarzyna Szymańska,ZCT.XU8.BJX.7206.HOP,F106,2025-06-13 8:00 - 8:45
Zaawansowana wizualizacja danych,Dr hab. Maria Wójcik,CYV.DC9.AFR.6362.CYX,C105,2025-06-20 8:00 - 8:45
Zarządzanie międzykulturowe,Mgr. Piotr Lewandowski,HVB.OJ6.GZB.7025.KSG,F328,2025-05-09 13:00 - 13:45
Zarządzanie operacyjne,Dr. Anna Dąbrowska,SIL.DJ6.TIA.8325.HAB,F142,2025-07-03 12:00 - 12:45
Studia kulturowe,Dr. Katarzyna Zielińska,VYS.XC2.XEW.5584.LDS,E183,2025-02-06 15:00 - 15:45
Zaawansowane praktyki HR,Dr hab. Tomasz Woźniak,EDB.RH5.MAR.3310.IIM,A358,2025-04-03 15:00 - 15:45
Zarządzanie logistyką,Prof. Katarzyna Wójcik,KCV.VP1.FTH.8857.TDY,B340,2025-05-16 10:00 - 10:45
Ekonomia nieruchomości,Mgr. Tomasz Nowakiewicz,UMI.WM8.CRQ.7059.SDN,A242,2025-05-27 9:00 - 9:45
Ekonomia środowiskowa,Dr. Ewa Zielińska,CQO.ZF5.MEI.7798.VHM,C105,2025-05-12 9:00 - 9:45
Analiza inwestycji,Dr hab. Piotr Nowakowski,CBZ.YK9.FTS.6484.FYG,E354,2025-04-24 15:00 - 15:45
Zaawansowane techniki Excela,Prof. Anna Nowak,QEK.CB5.XJY.6186.CBI,E183,2025-02-21 9:00 - 9:45
Globalne strategie HR,Dr. Jan Zieliński,GSG.YE2.ZAC.2685.EQS,H101,2025-05-01 8:00 - 8:45
Zasady audytu,Inż. Katarzyna Dąbrowska,ZFT.RD7.FTV.1813.RKV,B198,2025-02-26 11:00 - 11:45
Analiza ruchu w sieci,Inż. Maria Dąbrowski,FZR.NM3.HNC.2615.WZA,C245,2025-02-24 13:00 - 13:45
Etyczne hackowanie dla biznesu,Prof. Andrzej Szymański,QSC.TR2.PPG.1283.PVD,D106,2025-05-29 8:00 - 8:45
Psychologia konsumenta,Mgr. Zofia Kowalska,PXN.NF6.JCD.2409.YTY,G389,2025-03-07 16:00 - 16:45
Zarządzanie transportem kolejowym,Dr. Katarzyna Szyszka,ZWX.OH6.XXJ.2173.BGM,H365,2025-04-07 16:00 - 16:45
Marketing międzynarodowy,Dr hab. Piotr Nowak,WMW.LV5.FDE.5907.GSM,H211,2025-07-01 9:00 - 9:45
Sprawozdawczość korporacyjna,Mgr. Andrzej Kamiński,CBZ.YK9.FTS.6484.FYG,D191,2025-03-25 16:00 - 16:45
Marketing międzynarodowy,Dr hab. Piotr Nowakowski,IDX.LQ3.VQU.4220.PYO,E186,2025-07-02 11:00 - 11:45
Zaawansowana analiza makroekonomiczna,Mgr. Katarzyna Szymańska,FRA.FN4.QZU.8710.HOY,F124,2025-05-20 14:00 - 14:45
Negocjacje i rozwiązywanie konfliktów,Dr. Anna Dąbrowska,EPJ.NN9.ETJ.0333.BAJ,A358,2025-07-02 14:00 - 14:45
Badania operacyjne,Dr. Marek Lewandowski,KLG.PZ1.DRJ.9976.BJH,H211,2025-04-03 8:00 - 8:45
Metody ilościowe w biznesie,Inż. Jan Nowak,KEM.TL8.ZET.1963.BSS,A261,2025-05-26 8:00 - 8:45
Ekonomia nieruchomości,Dr. Piotr Wiśniewski,WPF.BA4.HUF.2508.ZCE,E211,2025-04-18 12:00 - 12:45
Zaawansowana analiza makroekonomiczna,Dr hab. Ewa Dąbrowska,SMM.SS1.QVW.1779.KHB,D160,2025-05-27 14:00 - 14:45
Blockchain i kryptowaluty,Dr. Maria Zieliński,RYC.KE6.EHH.8944.IOK,F389,2025-05-09 14:00 - 14:45
Strategia korporacyjna,Inż. Zofia Wójcik,UXG.UH4.KAL.6970.LCC,E353,2025-03-19 10:00 - 10:45
Finanse behawioralne,Inż. Katarzyna Zielińska,TXE.TR0.JGS.5994.WSD,H361,2025-03-20 12:00 - 12:45
Przedsiębiorczość,Dr hab. Tomasz Woźniak,XVL.LU4.PEN.2514.ODK,B396,2025-06-20 9:00 - 9:45
Zarządzanie relacjami z klientem,Mgr. Tomasz Szymański,ZAZ.HH8.VMQ.0774.KOW,C105,2025-06-04 9:00 - 9:45
Tworzenie stron internetowych,Dr. Marek Dąbrowski,HKX.SN9.IAC.7326.USM,B384,2025-03-28 16:00 - 16:45
Badania rynku,Dr hab. Piotr Nowakowski,JQG.HO1.SYW.0202.VDD,C332,2025-04-02 10:00 - 10:45
Optymalizacja procesów biznesowych,Dr hab. Ewa Zielińska,FIF.IB6.SBJ.2478.ZYC,F370,2025-06-13 16:00 - 16:45
Zachowania organizacyjne,Mgr. Piotr Kamiński,WXD.JE6.FNR.6501.HUF,A261,2025-03-31 8:00 - 8:45
Gospodarka cyfrowa,Dr. Piotr Dąbrowski,QKN.FU1.NVZ.7963.LGU,C320,2025-04-02 14:00 - 14:45
Prognozowanie sprzedaży,Prof. Marek Wójcik,OOG.CU9.LTX.5149.CYJ,F389,2025-04-28 11:00 - 11:45
Zarządzanie wydajnością,Dr hab. Katarzyna Kamiński,HPC.JR1.ZWN.0497.ITX,B209,2025-07-03 16:00 - 16:45
Marketing cyfrowy,Mgr. Tomasz Kamiński,UKX.FS1.GKW.1833.PNM,D333,2025-04-02 15:00 - 15:45
Wprowadzenie do makroekonomii,Mgr. Anna Lewandowska,IFN.BI7.TAV.5742.WQF,A335,2025-04-10 15:00 - 15:45
Zarządzanie start-upami,Inż. Maria Dąbrowski,IAN.EB9.HAN.4884.THC,C242,2025-03-19 15:00 - 15:45
Zarządzanie strategiczne,Mgr. Andrzej Kamiński,WSX.ZB2.IDE.4895.TVM,A136,2025-03-14 13:00 - 13:45
Teoria makroekonomiczna,Inż. Tomasz Kowalski,RLG.ZU1.UWL.6089.NVU,C105,2025-04-22 8:00 - 8:45
Marketing międzynarodowy,Mgr. Marek Zieliński,FRN.RT0.YRW.7844.INO,G311,2025-02-10 12:00 - 12:45
Prezentacje i wystąpienia publiczne,Mgr. Zofia Wiśniewska,HKX.SN9.IAC.7326.USM,A396,2025-02-17 15:00 - 15:45
Zaawansowane badania konsumenckie,Inż. Katarzyna Wiśniewska,YSH.CI5.YEG.5108.TOL,C328,2025-03-24 8:00 - 8:45
Ład korporacyjny,Dr. Andrzej Wiśniewski,BFP.QK3.YOL.4994.ANV,A326,2025-04-01 12:00 - 12:45
Ład korporacyjny,Mgr. Tomasz Kamiński,PXN.NF6.JCD.2409.YTY,F229,2025-05-14 8:00 - 8:45
Zarządzanie wydajnością,Dr hab. Piotr Nowak,IFM.NY9.YNX.6019.RXM,G277,2025-02-11 8:00 - 8:45
Finanse przedsiębiorstw,Mgr. Tomasz Nowakiewicz,VVK.PE9.VAU.7412.MSK,G155,2025-03-28 13:00 - 13:45
Inteligentna logistyka miejska,Inż. Anna Kowalska,JEA.JB5.MHM.9323.KHY,F124,2025-02-28 11:00 - 11:45
Podstawy marketingu,Mgr. Tomasz Dąbkowski,UDT.FC6.DKR.6724.SZY,F328,2025-06-04 13:00 - 13:45
Zarządzanie strategiczne,Dr hab. Piotr Szymański,BFN.OF8.PWR.0279.RWQ,F139,2025-02-20 11:00 - 11:45
Zarządzanie projektami,Inż. Anna Kowalska,BNT.IW7.OSL.3405.NVE,H365,2025-03-26 8:00 - 8:45
Rozwój organizacyjny,Inż. Katarzyna Zielińska,OUP.UT9.PJN.3348.FCR,B165,2025-04-24 14:00 - 14:45
Zastosowania uczenia maszynowego,Dr. Katarzyna Szymańska,UMI.WM8.CRQ.7059.SDN,D160,2025-04-22 14:00 - 14:45
Marketing cyfrowy,Mgr. Tomasz Polak,IAN.EB9.HAN.4884.THC,D271,2025-03-27 14:00 - 14:45
Ład korporacyjny,Inż. Marek Szymański,BNM.WD8.BSF.4070.UUF,H101,2025-06-26 15:00 - 15:45
Gry symulacyjne w biznesie,Dr. Piotr Woźniak,TNW.AG3.GVN.7332.DQB,G155,2025-05-01 14:00 - 14:45
Statystyka II,Inż. Zofia Dąbrowska,VQP.LJ5.WEO.1716.XWJ,E233,2025-04-17 14:00 - 14:45
Prezentacje i wystąpienia publiczne,Prof. Maria Woźniak,LKU.BN9.NAA.4285.QLQ,A136,2025-04-21 10:00 - 10:45
Raportowanie zrównoważonego rozwoju,Dr hab. Ewa Zielińska,NDM.CD3.UAP.5426.RMJ,D333,2025-05-08 8:00 - 8:45
Analiza decyzyjna,Dr hab. Marek Zieliński,OFE.KR6.JQI.4517.RMA,A136,2025-06-11 8:00 - 8:45
Ekonomia środowiskowa,Dr. Ewa Zielińska,RLG.ZU1.UWL.6089.NVU,E385,2025-04-10 16:00 - 16:45
Blockchain i kryptowaluty,Prof. Katarzyna Wójcik,TNX.EB3.GUQ.0296.LHW,E348,2025-04-24 10:00 - 10:45
Regulacje rynków finansowych,Dr. Katarzyna Zielińska,KFC.GX1.OCI.3890.MTV,D160,2025-02-19 8:00 - 8:45
Lean Management,Prof. Katarzyna Zielińska,VYS.XC2.XEW.5584.LDS,D333,2025-04-15 14:00 - 14:45
Gry symulacyjne w biznesie,Prof. Katarzyna Zielińska,RHU.GJ7.UZX.9301.XAD,A326,2025-03-04 16:00 - 16:45
Środowisko prawne biznesu,Inż. Tomasz Kowalski,XOO.YT3.SUV.4283.UGS,G155,2025-05-26 15:00 - 15:45
Rynki instrumentów pochodnych,Prof. Marek Wójcik,EWA.HP7.WCN.5830.EAO,B198,2025-01-31 14:00 - 14:45
Sprawozdawczość korporacyjna,Dr. Marek Lewandowski,DTX.YL0.PXJ.2128.IQD,A335,2025-06-24 8:00 - 8:45
Rynki instrumentów pochodnych,Prof. Maria Szymańska,EDK.VE5.MBM.5514.LJK,F106,2025-04-11 15:00 - 15:45
Systemy zarządzania bazami danych,Prof. Ewa Lewandowska,KRE.WO3.CZH.9033.RII,B209,2025-07-03 11:00 - 11:45
Zachowania organizacyjne,Dr. Maria Dąbrowska,ZFT.RD7.FTV.1813.RKV,D352,2025-04-16 10:00 - 10:45
E-commerce,Inż. Zofia Dąbrowska,ZJD.US9.EGI.6635.HAH,D385,2025-06-12 16:00 - 16:45
Relacje przemysłowe,Inż. Tomasz Kowalski,DLR.JR8.DZW.1254.CDR,D106,2025-06-09 10:00 - 10:45
Podstawy marketingu,Mgr. Jan Szymański,WAV.TE4.TDJ.2806.RFL,H101,2025-06-20 10:00 - 10:45
Zarządzanie cyklem życia produktu,Prof. Jan Szymański,XUQ.LY4.VSA.1894.UIH,F149,2025-05-22 12:00 - 12:45
Zintegrowana komunikacja marketingowa,Prof. Marek Wójcik,OUP.UT9.PJN.3348.FCR,A358,2025-02-13 14:00 - 14:45
Zarządzanie danymi klientów,Inż. Ewa Dąbrowska,NTV.KM5.ZHF.9246.EXE,E286,2025-04-22 15:00 - 15:45
Finanse publiczne,Inż. Katarzyna Zielińska,SBW.SS1.DHE.0691.GYW,H211,2025-01-30 10:00 - 10:45
Zaawansowane badania konsumenckie,Mgr. Maria Lewandowska,REY.EF1.LDG.3382.AKB,F205,2025-02-25 14:00 - 14:45
Planowanie strategiczne marketingu,Dr. Zofia Lewandowska,FVH.RS5.VOJ.2504.IIT,H101,2025-06-03 10:00 - 10:45
Zarządzanie jakością,Prof. Jan Szymański,WXD.JE6.FNR.6501.HUF,A358,2025-05-08 9:00 - 9:45
Statystyka II,Prof. Piotr Nowak,XVL.LU4.PEN.2514.ODK,E325,2025-04-01 16:00 - 16:45
Socjologia organizacji,Mgr. Marek Wójcik,ZJD.US9.EGI.6635.HAH,G155,2025-02-06 10:00 - 10:45
Strategie w mediach społecznościowych,Inż. Andrzej Kowalski,OFE.KR6.JQI.4517.RMA,B226,2025-03-25 8:00 - 8:45
Rozwój produktu,Mgr. Maria Lewandowska,CQO.ZF5.MEI.7798.VHM,G155,2025-02-14 13:00 - 13:45
Gospodarka cyfrowa,Dr hab. Tomasz Woźniak,EHK.JR4.LDZ.7467.NJL,E183,2025-06-02 11:00 - 11:45
Planowanie mediów,Dr hab. Maria Wójcik,SMM.SS1.QVW.1779.KHB,B394,2025-02-24 14:00 - 14:45
Fuzje i przejęcia,Mgr. Anna Lewandowska,QYC.YJ4.TUT.5534.TQY,H186,2025-02-24 10:00 - 10:45
Zarządzanie kryzysowe,Dr. Anna Zielińska,FRA.FN4.QZU.8710.HOY,G389,2025-06-06 11:00 - 11:45
Public Relations,Inż. Piotr Lewandowski,ZUQ.GU2.CGD.1182.WMT,H369,2025-06-23 12:00 - 12:45
Porównawcze systemy ekonomiczne,Prof. Zofia Wójcik,EYU.DT6.TBC.3104.SJC,C320,2025-02-13 11:00 - 11:45
Ład korporacyjny,Prof. Katarzyna Wójcik,KKP.JU7.EYR.2227.KQM,G311,2025-03-06 14:00 - 14:45
Polityka ekonomiczna,Inż. Piotr Szymański,DLR.JR8.DZW.1254.CDR,B300,2025-02-28 14:00 - 14:45
Badania operacyjne,Mgr. Maria Kamińska,QMY.KY7.WGH.8609.ZNW,F345,2025-06-24 9:00 - 9:45
Systemy zarządzania bazami danych,Dr hab. Piotr Szymański,HPC.JR1.ZWN.0497.ITX,B165,2025-05-20 15:00 - 15:45
Etyczne hackowanie dla biznesu,Prof. Maria Wójcik,ZVU.EW0.CTR.9110.EWA,H134,2025-05-06 12:00 - 12:45
Zaawansowana wizualizacja danych,Mgr. Maria Lewandowska,WMW.LV5.FDE.5907.GSM,B198,2025-05-30 12:00 - 12:45
Tworzenie stron internetowych,Inż. Andrzej Kowalski,SBW.SS1.DHE.0691.GYW,H361,2025-04-03 16:00 - 16:45
Optymalizacja dla wyszukiwarek (SEO),Inż. Katarzyna Dąbrowska,GSG.YE2.ZAC.2685.EQS,B165,2025-03-20 16:00 - 16:45
Design Thinking,Mgr. Maria Kamińska,SUB.TT7.GRJ.1897.VEF,B300,2025-03-26 9:00 - 9:45
Python dla biznesu,Prof. Maria Woźniak,SIL.DJ6.TIA.8325.HAB,B379,2025-05-29 12:00 - 12:45
Teoria makroekonomiczna,Mgr. Piotr Dąbrowski,PZE.RY4.CHC.5436.UUE,H112,2025-03-03 10:00 - 10:45
Kanały dystrybucji,Inż. Piotr Szymański,SUB.TT7.GRJ.1897.VEF,C242,2025-04-22 16:00 - 16:45
Przedsiębiorczość,Prof. Anna Nowak,EWE.GX2.ODV.7316.WMH,B209,2025-05-28 13:00 - 13:45
Zarządzanie talentami,Prof. Zofia Miodowska,LPO.ZX7.QIO.9979.UXG,H112,2025-06-26 16:00 - 16:45
Design Thinking,Mgr. Jan Wiśniewski,EYU.DT6.TBC.3104.SJC,A136,2025-02-26 12:00 - 12:45
Analiza inwestycji,Dr. Katarzyna Zielińska,AXZ.MB6.PWL.5112.TTC,D106,2025-06-16 14:00 - 14:45
Relacje z pracownikami,Dr hab. Marek Dąbrowski,YDD.CP0.OJM.7964.RBU,H236,2025-02-19 9:00 - 9:45
Sprawozdawczość korporacyjna,Mgr. Andrzej Kamiński,KPV.VI2.CKL.1138.HHL,E286,2025-04-10 12:00 - 12:45
Zintegrowana komunikacja marketingowa,Mgr. Jan Szymański,APJ.FY5.UFT.6300.ONQ,F149,2025-04-18 13:00 - 13:45
Podstawy zarządzania,Mgr. Maria Dąbrowska,XYT.KV1.MLL.5989.YUU,B209,2025-05-07 9:00 - 9:45
Zarządzanie operacyjne,Dr. Marek Zieliński,XOO.YT3.SUV.4283.UGS,A396,2025-05-15 13:00 - 13:45
Marketing usług,Mgr. Piotr Szymański,NTV.KM5.ZHF.9246.EXE,A396,2025-04-07 9:00 - 9:45
Zarządzanie lotnictwem,Inż. Zofia Woźniak,FVH.RS5.VOJ.2504.IIT,F124,2025-06-20 11:00 - 11:45
Analiza inwestycji,Inż. Katarzyna Wiśniewska,LMG.DA0.DJG.7897.GPB,H365,2025-06-17 10:00 - 10:45
Optymalizacja procesów biznesowych,Mgr. Katarzyna Szymańska,NLV.OV9.QAI.8440.KNY,H235,2025-03-19 9:00 - 9:45
Planowanie finansowe,Mgr. Maria Kamińska,FZR.NM3.HNC.2615.WZA,B299,2025-03-19 11:00 - 11:45
Zrozumienie konsumentów,Mgr. Andrzej Kamiński,RCL.ZP0.JZD.7000.IYU,A136,2025-06-19 12:00 - 12:45
Rozwój organizacyjny,Inż. Maria Dąbrowski,HKZ.GL3.BJB.4801.KBY,H365,2025-03-06 8:00 - 8:45
Rachunkowość zarządcza,Prof. Tomasz Wójcik,TML.NS4.BCX.5709.BLF,C320,2025-05-19 9:00 - 9:45
Zrozumienie konsumentów,Mgr. Tomasz Nowakiewicz,SEL.QF9.EMP.1242.OKU,A135,2025-02-10 8:00 - 8:45
Analiza biznesowa,Mgr. Piotr Wójcik,QKS.EA3.WMI.4507.BGM,B135,2025-03-17 11:00 - 11:45
Przywództwo w biznesie i strategia,Mgr. Andrzej Kamiński,WBC.DH0.CXH.7567.ATZ,H361,2025-05-26 16:00 - 16:45
Zarządzanie projektami IT,Inż. Andrzej Nowak,QKX.MM9.YVF.9122.IPU,H361,2025-03-17 12:00 - 12:45
Zarządzanie strategiczne,Inż. Jan Nowak,DEN.CL3.POI.0792.DSS,H134,2025-04-21 11:00 - 11:45
Python dla biznesu,Mgr. Piotr Lewandowski,KCV.VP1.FTH.8857.TDY,H264,2025-06-06 8:00 - 8:45
Relacje z mediami,Dr. Maria Dąbrowska,TUX.QM4.RBR.3097.WGK,H101,2025-04-04 11:00 - 11:45
Ekonomia przemysłowa,Prof. Jan Szymański,TII.HI5.FBF.3936.SZJ,H186,2025-04-14 8:00 - 8:45
Ekonomia środowiskowa,Inż. Tomasz Kowalski,YSH.CI5.YEG.5108.TOL,A129,2025-02-06 16:00 - 16:45
Zarządzanie polem namiotowym,Dr. Marek Lewandowski,VQP.LJ5.WEO.1716.XWJ,E286,2025-04-28 8:00 - 8:45
Różnorodność w miejscu pracy,Inż. Jan Nowak,QSN.MI8.RAT.1792.MAV,D333,2025-05-29 13:00 - 13:45
Zarządzanie lotnictwem,Dr. Katarzyna Szyszka,SQP.BM5.PGL.5320.VYF,B243,2025-06-09 16:00 - 16:45
Analiza papierów wartościowych,Mgr. Jan Wiśniewski,TUT.BO9.PPN.5857.JDI,B165,2025-04-03 9:00 - 9:45
Tworzenie treści cyfrowych,Mgr. Anna Zielińska,SWG.KD4.MEK.9582.KWP,D280,2025-03-03 11:00 - 11:45
Inteligentna logistyka,Mgr. Piotr Lewandowski,JQM.JQ3.SLG.1668.ZTT,C379,2025-04-15 9:00 - 9:45
Ekonometria,Dr. Anna Lewandowska,TZY.YT4.LMI.6309.TTF,B198,2025-04-21 12:00 - 12:45
Analiza danych,Dr hab. Piotr Nowak,LDI.OF2.CEP.1023.VYW,E233,2025-06-20 12:00 - 12:45
Relacje przemysłowe,Mgr. Piotr Kamień,UZL.LB0.AQE.7323.UPI,E381,2025-04-23 8:00 - 8:45
Finanse publiczne,Inż. Zofia Dąbrowska,XGD.AR0.ANY.5116.CIL,E385,2025-04-29 15:00 - 15:45
Planowanie strategiczne marketingu,Mgr. Piotr Szymański,PLH.LQ3.MTC.3521.PGO,F149,2025-02-14 10:00 - 10:45
Zaawansowane finanse przedsiębiorstw,Dr. Piotr Dąbrowski,CFZ.ID0.BEZ.3781.RGX,E348,2025-05-14 9:00 - 9:45
Negocjacje i rozwiązywanie konfliktów,Dr. Marek Lewandowski,VEQ.VX8.OYN.3058.DWG,E385,2025-06-27 16:00 - 16:45
Logistyka portowa i morska,Dr. Marek Lewandowski,NHT.TT7.RJR.0906.MSZ,B300,2025-05-29 9:00 - 9:45
Przetwarzanie w chmurze,Inż. Andrzej Kowalski,YPI.UT8.WNQ.9042.LCR,B135,2025-02-04 13:00 - 13:45
Analiza sprawozdań finansowych,Dr. Zofia Woźniakowska,ZAZ.HH8.VMQ.0774.KOW,A358,2025-03-24 12:00 - 12:45
Podstawy zarządzania polem namiotowym,Dr hab. Andrzej Lewandowski,LUN.TR2.DAP.9566.KDS,A180,2025-05-26 9:00 - 9:45
Analiza ryzyka finansowego,Inż. Katarzyna Wiśniewska,EDK.VE5.MBM.5514.LJK,D271,2025-05-08 10:00 - 10:45
Regulacje dotyczące prywatności danych,Mgr. Tomasz Dąbkowski,FUB.SC2.STJ.5039.YMI,A242,2025-04-23 16:00 - 16:45
Tworzenie stron internetowych,Mgr. Jan Wiśniewski,FRN.RT0.YRW.7844.INO,A358,2025-04-28 9:00 - 9:45
Zaawansowana strategia marketingowa,Dr hab. Ewa Zielińska,YMH.LK9.BNM.4167.MHF,C245,2025-03-14 10:00 - 10:45
Modelowanie predykcyjne,Inż. Ewa Dąbrowska,RSQ.YZ3.EGU.5784.EXO,A242,2025-02-06 11:00 - 11:45
Ekonomia monetarna,Dr. Piotr Wiśniewski,SWG.KD4.MEK.9582.KWP,E353,2025-02-10 9:00 - 9:45
Bankowość i usługi finansowe,Inż. Andrzej Nowak,NHT.TT7.RJR.0906.MSZ,D160,2025-02-07 8:00 - 8:45
Rozwój organizacyjny,Dr hab. Zofia Szymanowska,UEW.BV1.YXK.3683.TGY,H369,2025-06-27 8:00 - 8:45
Socjologia organizacji,Mgr. Piotr Lewandowski,PQI.RE0.JLJ.2117.PNV,G210,2025-06-13 14:00 - 14:45
Zarządzanie zasobami ludzkimi,Dr. Piotr Wiśniewski,MVS.HR6.FRH.7803.YTL,D271,2025-06-27 11:00 - 11:45
Systemy wynagrodzeń i benefitów,Dr hab. Piotr Szymański,XGD.AR0.ANY.5116.CIL,H251,2025-03-31 9:00 - 9:45
Cyberbezpieczeństwo w biznesie,Dr. Marek Dąbrowski,JQG.HO1.SYW.0202.VDD,F208,2025-04-21 13:00 - 13:45
Przemysły kreatywne,Mgr. Piotr Wójcik,OUP.UT9.PJN.3348.FCR,B165,2025-04-16 14:00 - 14:45
Zarządzanie projektami IT,Mgr. Jan Wiśniewski,JKN.PY2.ZVG.0111.BAP,B299,2025-06-03 11:00 - 11:45
Strategie rekrutacyjne,Mgr. Jan Wiśniewski,EZE.KI2.VAU.3851.CQF,C105,2025-02-13 15:00 - 15:45
Innowacja w modelach biznesowych,Dr. Piotr Woźniak,KDP.BC8.VXT.8146.OUS,A136,2025-02-18 11:00 - 11:45
Zarządzanie danymi klientów,Dr. Katarzyna Zielińska,EWA.HP7.WCN.5830.EAO,F370,2025-05-13 13:00 - 13:45
Etyka w finansach,Mgr. Jan Szymański,EWE.GX2.ODV.7316.WMH,B209,2025-06-23 14:00 - 14:45
Prognozowanie sprzedaży,Inż. Ewa Dąbrowska,ETE.RG4.ZJW.8466.LMA,F370,2025-03-20 9:00 - 9:45
Sprawozdawczość korporacyjna,Inż. Katarzyna Zielińska,QYC.YJ4.TUT.5534.TQY,D255,2025-03-10 8:00 - 8:45
Marketing międzynarodowy,Mgr. Tomasz Kamiński,HVT.AU4.ZYZ.2948.MBF,B209,2025-02-12 12:00 - 12:45
Efektywne przywództwo zespołowe,Dr. Zofia Lewandowska,IFM.NY9.YNX.6019.RXM,H211,2025-05-20 11:00 - 11:45
Budowanie marki online,Mgr. Maria Lewandowska,TPC.EZ6.MLQ.1489.NSW,F229,2025-06-12 8:00 - 8:45
Modelowanie predykcyjne,Dr. Maria Dąbrowska,HVT.AU4.ZYZ.2948.MBF,C332,2025-03-21 11:00 - 11:45
Zarządzanie łańcuchem dostaw,Dr hab. Piotr Szymański,IDX.LQ3.VQU.4220.PYO,E233,2025-05-01 9:00 - 9:45
Ekonomia środowiskowa,Prof. Katarzyna Wójcik,FZM.DZ8.UXQ.8836.LIA,E173,2025-02-07 12:00 - 12:45
Etyczne hackowanie dla biznesu,Inż. Ewa Dąbrowska,GSG.YE2.ZAC.2685.EQS,E354,2025-04-09 10:00 - 10:45
Bankowość i usługi finansowe,Dr hab. Anna Wiśniewska,DTX.YL0.PXJ.2128.IQD,D191,2025-02-21 12:00 - 12:45
Przetwarzanie w chmurze,Inż. Piotr Lewandowski,TQM.HD9.EEI.3934.STN,E211,2025-02-17 8:00 - 8:45
Rozwój organizacyjny,Prof. Zofia Kowalska,HKZ.GL3.BJB.4801.KBY,H264,2025-03-31 15:00 - 15:45
Teoria gier,Prof. Maria Woźniak,FZM.DZ8.UXQ.8836.LIA,E385,2025-02-19 12:00 - 12:45
Relacje przemysłowe,Dr hab. Piotr Szymański,PMX.UE0.TNS.7951.MCF,A358,2025-06-10 8:00 - 8:45
Socjologia organizacji,Prof. Maria Wójcik,XQD.MI2.CVZ.9064.MCT,B165,2025-06-03 12:00 - 12:45
Zarządzanie ryzykiem,Dr. Marek Zieliński,OUP.UT9.PJN.3348.FCR,F244,2025-05-22 16:00 - 16:45
Metody ilościowe w biznesie,Prof. Ewa Lewandowska,GDX.IX2.BAD.6731.ASO,B165,2025-06-25 14:00 - 14:45
Analiza dużych zbiorów danych,Mgr. Zofia Kowalska,OFE.KR6.JQI.4517.RMA,F149,2025-02-27 12:00 - 12:45
Python dla biznesu,Mgr. Jan Lewandowski,UIK.YG2.MZB.0483.FSE,E353,2025-04-01 11:00 - 11:45
Prawo gospodarcze,Dr. Piotr Woźniak,MSD.KD5.SIQ.3688.DTR,H101,2025-02-28 15:00 - 15:45
Etyczne hackowanie dla biznesu,Dr hab. Anna Wiśniewska,XQD.MI2.CVZ.9064.MCT,F328,2025-03-27 15:00 - 15:45
Zarządzanie kryzysowe,Inż. Katarzyna Dąbrowska,RSQ.YZ3.EGU.5784.EXO,E348,2025-06-09 11:00 - 11:45
Kapitał podwyższonego ryzyka,Prof. Marek Lewandowski,CPU.AW1.GOQ.7175.XAG,C143,2025-02-04 16:00 - 16:45
Zarządzanie jakością,Prof. Katarzyna Wójcik,VLD.ZP1.WLX.5189.UUC,F208,2025-04-11 8:00 - 8:45
Technologia łańcucha dostaw,Dr. Marek Kamiński,OBB.VH5.LUN.0250.ZGC,E165,2025-05-05 13:00 - 13:45
Wprowadzenie do makroekonomii,Inż. Andrzej Nowak,JQG.HO1.SYW.0202.VDD,H134,2025-02-28 16:00 - 16:45
Planowanie mediów,Dr. Katarzyna Szymańska,ONB.OI9.BTJ.4024.QSE,B394,2025-03-05 9:00 - 9:45
Finanse łańcucha dostaw,Dr. Zofia Woźniakowska,XLS.QK5.QSN.6714.RMY,E286,2025-02-03 13:00 - 13:45
Rachunkowość zarządcza,Dr. Maria Dąbrowska,VQP.LJ5.WEO.1716.XWJ,C105,2025-02-27 15:00 - 15:45
Zarządzanie marką,Dr hab. Marek Dąbrowski,EGA.TU9.VRT.2826.QYN,A242,2025-04-08 13:00 - 13:45
Rachunkowość zarządcza,Mgr. Maria Dąbrowska,UWR.OR4.NYJ.8726.KYV,H327,2025-05-20 16:00 - 16:45
Zarządzanie projektami,Prof. Maria Woźniak,TBY.BS8.FEW.2939.JYI,E282,2025-04-11 9:00 - 9:45
Zarządzanie reklamą,Dr. Marek Woźniak,VLD.ZP1.WLX.5189.UUC,H203,2025-02-11 9:00 - 9:45
Optymalizacja aplikacji mobilnych,Mgr. Jan Wiśniewski,TUX.QM4.RBR.3097.WGK,A188,2025-06-18 16:00 - 16:45
Etyka w finansach,Dr. Piotr Dąbrowski,ASA.ZH3.YPJ.4121.BXE,C328,2025-03-12 13:00 - 13:45
Efektywne przywództwo zespołowe,Inż. Zofia Dąbrowska,UWR.OR4.NYJ.8726.KYV,F142,2025-02-13 9:00 - 9:45
Efektywne przywództwo zespołowe,Mgr. Zofia Wiśniewska,EHK.JR4.LDZ.7467.NJL,H361,2025-06-12 9:00 - 9:45
Analiza ryzyka finansowego,Inż. Marek Szymański,TPC.EZ6.MLQ.1489.NSW,H236,2025-05-14 10:00 - 10:45
Visual Basic dla aplikacji,Mgr. Jan Szymański,NDM.CD3.UAP.5426.RMJ,E385,2025-03-18 9:00 - 9:45
Zarządzanie talentami,Dr hab. Piotr Nowakowski,UDT.FC6.DKR.6724.SZY,E233,2025-05-16 14:00 - 14:45
Zarządzanie projektami IT,Prof. Jan Szymański,GOP.OU5.DLB.8286.QFC,G364,2025-02-07 9:00 - 9:45
Analiza szeregów czasowych,Dr hab. Marek Dąbrowski,JKN.PY2.ZVG.0111.BAP,B135,2025-05-14 11:00 - 11:45
Socjologia organizacji,Dr. Piotr Dąbrowski,GQA.DX2.YJU.0455.RKZ,D255,2025-02-25 15:00 - 15:45
Modelowanie finansowe,Mgr. Anna Lewandowska,MSD.KD5.SIQ.3688.DTR,D333,2025-06-24 10:00 - 10:45
Analiza inwestycji,Dr. Zofia Lewandowska,OFE.KR6.JQI.4517.RMA,G277,2025-02-19 13:00 - 13:45
Analiza szeregów czasowych,Prof. Jan Szymański,OOG.CU9.LTX.5149.CYJ,D255,2025-02-12 13:00 - 13:45
Socjologia organizacji,Dr. Zofia Woźniakowska,XQD.MI2.CVZ.9064.MCT,E173,2025-06-11 9:00 - 9:45
Zarządzanie portfelem,Dr hab. Maria Lewandowska,CPU.AW1.GOQ.7175.XAG,F328,2025-04-09 11:00 - 11:45
Public Relations,Prof. Zofia Zielińska,SWG.KD4.MEK.9582.KWP,F149,2025-05-30 13:00 - 13:45
Modelowanie predykcyjne,Prof. Anna Nowak,EWA.HP7.WCN.5830.EAO,H365,2025-04-18 14:00 - 14:45
Statystyka I,Mgr. Marek Wójcik,RYC.KE6.EHH.8944.IOK,D271,2025-03-18 12:00 - 12:45
Zarządzanie łańcuchem dostaw,Inż. Jan Nowak,LFY.RT1.MVS.7881.FOJ,D160,2025-05-14 12:00 - 12:45
Relacje przemysłowe,Prof. Marek Wójcik,NOY.KB2.GLS.8276.NTK,A136,2025-03-24 13:00 - 13:45
Zamówienia publiczne,Dr hab. Tomasz Woźniak,TQM.HD9.EEI.3934.STN,A335,2025-04-17 9:00 - 9:45
Prawo gospodarcze,Prof. Tomasz Dąbrowski,KRE.WO3.CZH.9033.RII,B226,2025-06-02 12:00 - 12:45
Kanały dystrybucji,Dr. Piotr Woźniak,VDE.AE4.WYJ.7711.NPT,A358,2025-06-25 11:00 - 11:45
Optymalizacja procesów biznesowych,Dr. Maria Zieliński,JEA.JB5.MHM.9323.KHY,E183,2025-03-24 9:00 - 9:45
Strategie cenowe,Mgr. Tomasz Polak,GKO.HO2.HMH.3308.RSM,E286,2025-03-14 14:00 - 14:45
Zarządzanie zmianą,Inż. Katarzyna Wiśniewska,UZL.LB0.AQE.7323.UPI,E211,2025-02-27 8:00 - 8:45
Strategie cenowe,Mgr. Jan Lewandowski,GSG.YE2.ZAC.2685.EQS,A208,2025-02-11 10:00 - 10:45
Historia gospodarcza,Prof. Zofia Wójcik,XXS.EZ2.OIQ.3916.YLB,F205,2025-03-25 14:00 - 14:45
Socjologia organizacji,Dr hab. Andrzej Wójcik,LLO.ZY4.WVH.2797.XDC,B226,2025-04-23 9:00 - 9:45
Analiza papierów wartościowych,Mgr. Zofia Kowalska,GKO.HO2.HMH.3308.RSM,H134,2025-03-26 10:00 - 10:45
Zarządzanie ryzykiem,Mgr. Piotr Dąbrowski,IJW.BB3.HET.3202.BQI,B190,2025-04-29 16:00 - 16:45
Komunikacja interpersonalna,Inż. Tomasz Kowalski,GQA.DX2.YJU.0455.RKZ,H112,2025-04-07 10:00 - 10:45
Zarządzanie marką,Mgr. Piotr Szymański,IFN.BI7.TAV.5742.WQF,G389,2025-04-14 11:00 - 11:45
Zarządzanie zasobami ludzkimi,Mgr. Maria Dąbrowska,SQP.TV7.URO.4305.QVL,B300,2025-03-11 15:00 - 15:45
Analiza dużych zbiorów danych,Dr hab. Marek Dąbrowski,ZFT.RD7.FTV.1813.RKV,E282,2025-05-01 15:00 - 15:45
Sieci komputerowe,Prof. Marek Lewandowski,NDM.CD3.UAP.5426.RMJ,H236,2025-04-07 11:00 - 11:45
Visual Basic dla aplikacji,Mgr. Tomasz Szymański,KSE.CS3.URP.5488.MSK,F142,2025-06-24 11:00 - 11:45
Prognozowanie sprzedaży,Dr hab. Maria Wójcik,YPI.UT8.WNQ.9042.LCR,G311,2025-04-01 9:00 - 9:45
Etyka biznesu,Mgr. Maria Lewandowska,OUP.UT9.PJN.3348.FCR,F124,2025-02-03 10:00 - 10:45
Zarządzanie polem namiotowym,Mgr. Piotr Wójcik,EZE.KI2.VAU.3851.CQF,G364,2025-03-26 11:00 - 11:45
Zachowania konsumentów,Dr. Maria Lewandowska,FRN.RT0.YRW.7844.INO,C245,2025-05-12 15:00 - 15:45
Systemy informacyjne zarządzania,Dr. Maria Dąbrowska,LMG.DA0.DJG.7897.GPB,G252,2025-06-02 13:00 - 13:45
Teoria mikroekonomiczna,Mgr. Marek Wójcik,KFC.GX1.OCI.3890.MTV,E381,2025-04-09 12:00 - 12:45
Zaawansowane praktyki HR,Inż. Katarzyna Wiśniewska,BNT.IW7.OSL.3405.NVE,E173,2025-04-15 15:00 - 15:45
Strategia wprowadzania nowego produktu,Prof. Tomasz Wójcik,VYS.XC2.XEW.5584.LDS,E183,2025-05-05 14:00 - 14:45
Podstawy zarządzania polem namiotowym,Mgr. Zofia Wiśniewska,PLH.LQ3.MTC.3521.PGO,D106,2025-04-15 16:00 - 16:45
Rozwój organizacyjny,Mgr. Piotr Kamień,ZBD.VA1.MYH.5403.BLV,E186,2025-04-01 13:00 - 13:45
Społeczna odpowiedzialność biznesu,Dr. Zofia Lewandowska,REY.EF1.LDG.3382.AKB,E385,2025-05-07 12:00 - 12:45
Techniki negocjacyjne,Dr. Maria Lewandowska,ZAZ.HH8.VMQ.0774.KOW,G277,2025-05-26 10:00 - 10:45
Etyka w finansach,Mgr. Tomasz Szymański,RHU.GJ7.UZX.9301.XAD,B384,2025-02-07 13:00 - 13:45
Ekonomia nieruchomości,Prof. Piotr Kowalski,KDP.BC8.VXT.8146.OUS,B120,2025-02-11 12:00 - 12:45
Komunikacja interpersonalna,Dr. Andrzej Wiśniewski,WYI.TL2.TFF.6186.JHL,H203,2025-05-06 11:00 - 11:45
Raportowanie zrównoważonego rozwoju,Inż. Anna Kowalska,LPO.ZX7.QIO.9979.UXG,B340,2025-05-28 8:00 - 8:45
Teoria makroekonomiczna,Dr hab. Zofia Szymanowska,WPF.BA4.HUF.2508.ZCE,F205,2025-03-11 16:00 - 16:45
Planowanie strategiczne marketingu,Mgr. Tomasz Polak,IDX.LQ3.VQU.4220.PYO,C332,2025-06-03 13:00 - 13:45
Zrównoważony rozwój,Dr hab. Piotr Szymański,HVT.AU4.ZYZ.2948.MBF,H211,2025-04-15 10:00 - 10:45
Zarządzanie danymi klientów,Inż. Jan Nowak,JQM.JQ3.SLG.1668.ZTT,A261,2025-04-08 8:00 - 8:45
Marketing cyfrowy,Dr. Maria Lewandowska,MVS.HR6.FRH.7803.YTL,C379,2025-05-28 14:00 - 14:45
Analiza danych,Dr. Piotr Woźniak,JEA.JB5.MHM.9323.KHY,F205,2025-04-04 12:00 - 12:45
Zaawansowane badania konsumenckie,Prof. Zofia Kowalska,IAN.EB9.HAN.4884.THC,A335,2025-02-19 14:00 - 14:45
Sieci komputerowe,Inż. Piotr Lewandowski,WCZ.ZI6.EIL.6927.ANQ,A136,2025-02-03 14:00 - 14:45
Copywriting i kreatywne pisanie,Inż. Jan Nowak,KSE.CS3.URP.5488.MSK,F208,2025-05-01 10:00 - 10:45
Zintegrowana komunikacja marketingowa,Dr. Zofia Woźniakowska,UXG.UH4.KAL.6970.LCC,C242,2025-06-19 8:00 - 8:45
Teoria makroekonomiczna,Inż. Andrzej Kowalski,VVK.PE9.VAU.7412.MSK,D106,2025-05-07 13:00 - 13:45
Zarządzanie lotnictwem,Prof. Zofia Kowalska,DLR.JR8.DZW.1254.CDR,E282,2025-03-18 13:00 - 13:45
Rachunek kosztów,Inż. Piotr Lewandowski,CQO.ZF5.MEI.7798.VHM,B300,2025-04-04 13:00 - 13:45
Technologie finansowe (FinTech),Prof. Marek Lewandowski,QIL.FU4.CXU.0990.XKN,B135,2025-04-18 15:00 - 15:45
Zarządzanie logistyką,Dr. Maria Zieliński,HKX.SN9.IAC.7326.USM,H211,2025-02-25 16:00 - 16:45
Logistyka portowa i morska,Mgr. Tomasz Polak,OFP.WJ0.LRJ.9559.RJH,D255,2025-06-06 16:00 - 16:45
Analiza danych,Inż. Zofia Woźniak,SGT.TY6.GYI.6888.DBD,G389,2025-06-23 15:00 - 15:45
Etyka w finansach,Mgr. Tomasz Polak,CQO.ZF5.MEI.7798.VHM,A358,2025-02-03 8:00 - 8:45
Efektywne przywództwo zespołowe,Mgr. Piotr Lewandowski,PMP.CC8.WON.1917.TGB,G364,2025-05-23 8:00 - 8:45
Polityka ekonomiczna,Dr. Piotr Wiśniewski,BKM.SW8.AXI.5980.EIA,A358,2025-06-17 15:00 - 15:45
Zasady audytu,Inż. Piotr Szymański,YSH.CI5.YEG.5108.TOL,B384,2025-02-19 10:00 - 10:45
Prognozowanie sprzedaży,Mgr. Maria Kamińska,GDX.IX2.BAD.6731.ASO,G155,2025-06-03 14:00 - 14:45
Rachunek kosztów,Prof. Ewa Lewandowska,YDD.CP0.OJM.7964.RBU,D191,2025-05-02 13:00 - 13:45
Sprawozdawczość korporacyjna,Mgr. Zofia Wiśniewska,PIY.GW7.POE.7887.AIN,C328,2025-05-12 16:00 - 16:45
Zaawansowane techniki Excela,Mgr. Maria Dąbrowska,EWA.HP7.WCN.5830.EAO,B394,2025-04-03 10:00 - 10:45
Środowisko prawne biznesu,Dr hab. Marek Zieliński,HVT.AU4.ZYZ.2948.MBF,B396,2025-05-15 12:00 - 12:45
Optymalizacja procesów biznesowych,Mgr. Katarzyna Szymańska,GUJ.XX5.AAH.6247.ETG,C143,2025-04-09 13:00 - 13:45
Kreatywność i innowacje,Inż. Piotr Lewandowski,WZU.CW1.XTG.3642.WUL,G364,2025-04-17 15:00 - 15:45
Zarządzanie polem namiotowym,Inż. Tomasz Kowalski,UEW.BV1.YXK.3683.TGY,C379,2025-06-30 8:00 - 8:45
Finanse przedsiębiorstw,Mgr. Piotr Wójcik,IYN.XL7.DFR.6478.FRH,B209,2025-06-06 12:00 - 12:45
Zaawansowane techniki Excela,Dr. Maria Zieliński,NOY.KB2.GLS.8276.NTK,B165,2025-01-31 10:00 - 10:45
Lean Management,Dr. Maria Dąbrowska,BFN.OF8.PWR.0279.RWQ,E211,2025-04-28 12:00 - 12:45
Zrozumienie konsumentów,Prof. Maria Szymańska,FZG.ZU8.QCV.7696.WAK,H365,2025-05-27 10:00 - 10:45
Rozwój organizacyjny,Inż. Katarzyna Zielińska,WXD.JE6.FNR.6501.HUF,A335,2025-06-16 8:00 - 8:45
Społeczna odpowiedzialność biznesu,Mgr. Jan Szymański,JIC.UT3.KQX.0426.JOR,E282,2025-03-07 8:00 - 8:45
Wprowadzenie do nauki o danych,Mgr. Tomasz Nowakiewicz,RLG.ZU1.UWL.6089.NVU,D264,2025-02-21 13:00 - 13:45
Ład korporacyjny,Dr hab. Andrzej Lewandowski,SUL.IP4.RGW.7174.FMM,B193,2025-03-03 12:00 - 12:45
Podstawy zarządzania polem namiotowym,Dr. Zofia Woźniakowska,UUL.ZS0.SES.3286.KDH,D106,2025-05-19 10:00 - 10:45
Zarządzanie ryzykiem,Mgr. Piotr Lewandowski,SBW.SS1.DHE.0691.GYW,H211,2025-03-10 16:00 - 16:45
Zrozumienie konsumentów,Dr hab. Andrzej Lewandowski,LUN.TR2.DAP.9566.KDS,F328,2025-03-12 16:00 - 16:45
Analiza danych,Dr hab. Marek Dąbrowski,EDK.VE5.MBM.5514.LJK,B243,2025-03-12 11:00 - 11:45
Przemysły kreatywne,Prof. Tomasz Dąbrowski,IPF.ES4.EHB.4201.SBL,G252,2025-06-25 15:00 - 15:45
Studia kulturowe,Prof. Zofia Kowalska,FUB.SC2.STJ.5039.YMI,B209,2025-07-01 16:00 - 16:45
Użycie oprogramowania statystycznego,Prof. Piotr Nowak,UAI.ZW4.SWQ.5904.BWV,B379,2025-07-03 14:00 - 14:45
Ekonomia transportu,Prof. Zofia Zielińska,QEK.CB5.XJY.6186.CBI,H112,2025-06-12 10:00 - 10:45
Copywriting i kreatywne pisanie,Inż. Ewa Dąbrowska,DEN.CL3.POI.0792.DSS,B226,2025-05-05 8:00 - 8:45
Prognozowanie sprzedaży,Dr. Katarzyna Szyszka,SEL.QF9.EMP.1242.OKU,B396,2025-06-04 14:00 - 14:45
Odpowiedzialność społeczna przedsiębiorstw,Dr. Maria Zieliński,XOO.YT3.SUV.4283.UGS,D205,2025-06-26 11:00 - 11:45
Cyberbezpieczeństwo w biznesie,Dr. Katarzyna Szyszka,HVT.AU4.ZYZ.2948.MBF,B120,2025-03-14 15:00 - 15:45
Zarządzanie projektami,Prof. Anna Nowak,SQP.TV7.URO.4305.QVL,F208,2025-03-04 9:00 - 9:45
Wprowadzenie do nauki o danych,Inż. Jan Szymański,CFZ.ID0.BEZ.3781.RGX,E173,2025-06-18 13:00 - 13:45
Zarządzanie jakością,Dr hab. Piotr Szymański,TUT.BO9.PPN.5857.JDI,H211,2025-05-08 14:00 - 14:45
Planowanie zasobów przedsiębiorstwa,Prof. Anna Nowak,HKX.SN9.IAC.7326.USM,D271,2025-04-09 14:00 - 14:45
Etyka w biznesie międzynarodowym,Inż. Zofia Dąbrowska,OOG.CU9.LTX.5149.CYJ,D352,2025-04-04 8:00 - 8:45
Zarządzanie wydajnością,Mgr. Zofia Kowalska,XVM.TE8.QYI.1728.VAR,C143,2025-06-25 16:00 - 16:45
Blockchain i kryptowaluty,Prof. Marek Lewandowski,CBZ.YK9.FTS.6484.FYG,E183,2025-03-12 14:00 - 14:45
Studia kulturowe,Mgr. Katarzyna Szymańska,FZG.ZU8.QCV.7696.WAK,B243,2025-04-16 11:00 - 11:45
Sprawozdawczość korporacyjna,Inż. Piotr Szymański,REY.EF1.LDG.3382.AKB,B226,2025-04-03 11:00 - 11:45
Lean Management,Mgr. Zofia Wiśniewska,TBY.BS8.FEW.2939.JYI,B394,2025-06-04 10:00 - 10:45
Zamówienia publiczne,Prof. Zofia Zielińska,JQG.HO1.SYW.0202.VDD,H327,2025-02-18 15:00 - 15:45
Planowanie strategiczne marketingu,Mgr. Piotr Lewandowski,OIA.PL3.WUJ.5193.MRZ,F389,2025-04-08 14:00 - 14:45
Strategia wprowadzania nowego produktu,Prof. Andrzej Szymański,EYU.DT6.TBC.3104.SJC,A326,2025-02-05 12:00 - 12:45
Zielony łańcuch dostaw,Prof. Zofia Kowalska,EGA.TU9.VRT.2826.QYN,D264,2025-06-19 9:00 - 9:45
Przemysły kreatywne,Prof. Tomasz Wójcik,OIA.PL3.WUJ.5193.MRZ,H211,2025-05-29 15:00 - 15:45
Finanse publiczne,Dr. Marek Woźniak,GOP.OU5.DLB.8286.QFC,G389,2025-06-16 9:00 - 9:45
Polityka ekonomiczna,Mgr. Zofia Wiśniewska,PTH.NO0.IXY.3726.FAA,A335,2025-03-18 14:00 - 14:45
Finanse behawioralne,Prof. Ewa Lewandowska,OBB.VH5.LUN.0250.ZGC,F142,2025-06-06 13:00 - 13:45
Inteligentna logistyka,Dr hab. Zofia Szymanowska,PLH.LQ3.MTC.3521.PGO,G240,2025-03-25 15:00 - 15:45
Ekonomia transportu,Prof. Piotr Kowalski,FZG.ZU8.QCV.7696.WAK,H101,2025-03-13 12:00 - 12:45
Analiza papierów wartościowych,Dr. Andrzej Wiśniewski,RFV.CH2.OLX.7492.FPO,G389,2025-06-27 13:00 - 13:45
Przywództwo w biznesie i strategia,Inż. Jan Szymański,ZWX.OH6.XXJ.2173.BGM,D333,2025-02-26 13:00 - 13:45
Przywództwo w biznesie i strategia,Dr. Katarzyna Zielińska,KEM.TL8.ZET.1963.BSS,B135,2025-06-12 14:00 - 14:45
Analiza szeregów czasowych,Inż. Zofia Woźniak,SZY.OR3.WYO.6406.MXZ,A261,2025-03-05 10:00 - 10:45
Zarządzanie danymi klientów,Mgr. Tomasz Nowakiewicz,DKO.TD1.EWS.3152.AOQ,D352,2025-05-15 8:00 - 8:45
Statystyka II,Dr hab. Tomasz Woźniak,PZE.RY4.CHC.5436.UUE,D160,2025-04-30 12:00 - 12:45
Społeczna odpowiedzialność biznesu,Prof. Piotr Kowalski,EWE.GX2.ODV.7316.WMH,E183,2025-03-05 11:00 - 11:45
Doskonałość w obsłudze klienta,Inż. Katarzyna Dąbrowska,ZVU.EW0.CTR.9110.EWA,E233,2025-06-30 12:00 - 12:45
Globalne strategie HR,Mgr. Piotr Kamień,OOG.CU9.LTX.5149.CYJ,G252,2025-06-11 10:00 - 10:45
Biznes międzynarodowy,Mgr. Tomasz Kamiński,TZY.YT4.LMI.6309.TTF,C143,2025-03-04 10:00 - 10:45
Gospodarka cyfrowa,Prof. Marek Lewandowski,WPF.BA4.HUF.2508.ZCE,B165,2025-02-27 16:00 - 16:45
Teoria gier,Dr. Katarzyna Zielińska,SUL.IP4.RGW.7174.FMM,F345,2025-04-16 12:00 - 12:45
Technologie finansowe (FinTech),Mgr. Andrzej Kamiński,LUN.TR2.DAP.9566.KDS,H361,2025-04-21 14:00 - 14:45
Zarządzanie start-upami,Dr. Anna Zielińska,LKU.BN9.NAA.4285.QLQ,A396,2025-05-26 11:00 - 11:45
Technologie finansowe (FinTech),Dr hab. Andrzej Wójcik,QSC.TR2.PPG.1283.PVD,D160,2025-03-28 14:00 - 14:45
Zastosowania uczenia maszynowego,Dr. Anna Dąbrowska,KKC.JV9.IUT.2954.OAH,B379,2025-06-25 8:00 - 8:45
Analiza decyzyjna,Mgr. Piotr Kamień,KKC.JV9.IUT.2954.OAH,B379,2025-06-30 15:00 - 15:45
Regulacje rynków finansowych,Dr hab. Ewa Dąbrowska,RYC.KE6.EHH.8944.IOK,C379,2025-07-02 8:00 - 8:45
Kapitał podwyższonego ryzyka,Mgr. Katarzyna Szymańska,HIH.IJ1.ZSL.5927.IMV,A396,2025-05-02 14:00 - 14:45
Budowanie marki online,Prof. Ewa Lewandowska,JEA.JB5.MHM.9323.KHY,A326,2025-05-23 9:00 - 9:45
Przemysły kreatywne,Inż. Zofia Wójcik,YBO.AF8.JWH.1455.XJM,G311,2025-04-23 14:00 - 14:45
Technologie finansowe (FinTech),Dr hab. Maria Wójcik,TJM.NJ8.EFP.3457.XJN,H112,2025-05-06 8:00 - 8:45
Regulacje dotyczące prywatności danych,Prof. Tomasz Dąbrowski,EKT.LI5.HQV.1107.OVS,F345,2025-05-08 11:00 - 11:45
Gry symulacyjne w biznesie,Dr hab. Zofia Szymanowska,CQO.ZF5.MEI.7798.VHM,E282,2025-04-17 10:00 - 10:45
Bankowość i usługi finansowe,Dr. Zofia Lewandowska,TJV.BQ7.GMX.2994.NOH,F139,2025-04-11 10:00 - 10:45
Zielony łańcuch dostaw,Mgr. Marek Wójcik,XUT.PP4.WUP.5597.NPT,F106,2025-05-15 14:00 - 14:45
Psychologia konsumenta,Mgr. Katarzyna Szymańska,JQM.JQ3.SLG.1668.ZTT,C379,2025-06-06 14:00 - 14:45
Fuzje i przejęcia,Mgr. Anna Lewandowska,FCK.AU2.WAZ.6050.BTI,B226,2025-02-06 12:00 - 12:45
Ekonomia środowiskowa,Inż. Zofia Dąbrowska,JIC.UT3.KQX.0426.JOR,G155,2025-05-12 10:00 - 10:45
Zarządzanie operacyjne,Dr hab. Andrzej Wójcik,TQM.HD9.EEI.3934.STN,A136,2025-05-21 14:00 - 14:45
Analiza papierów wartościowych,Mgr. Maria Lewandowska,IPF.ES4.EHB.4201.SBL,H112,2025-03-25 9:00 - 9:45
Zasady audytu,Dr. Katarzyna Zielińska,TJV.BQ7.GMX.2994.NOH,H251,2025-05-27 11:00 - 11:45
Ekonomia polityczna,Prof. Zofia Miodowska,UZL.LB0.AQE.7323.UPI,C245,2025-05-23 10:00 - 10:45
Finanse behawioralne,Prof. Katarzyna Wójcik,HTK.LE6.AAW.1341.XLJ,D106,2025-06-24 12:00 - 12:45
Zarządzanie start-upami,Prof. Marek Wójcik,XQD.MI2.CVZ.9064.MCT,C320,2025-04-14 15:00 - 15:45
Prezentacje i wystąpienia publiczne,Mgr. Tomasz Szymański,UEW.BV1.YXK.3683.TGY,A129,2025-03-06 9:00 - 9:45
Globalizacja i biznes,Inż. Andrzej Nowak,FRA.FN4.QZU.8710.HOY,C320,2025-06-17 11:00 - 11:45
Negocjacje i rozwiązywanie konfliktów,Inż. Zofia Woźniak,MSD.KD5.SIQ.3688.DTR,D255,2025-06-27 15:00 - 15:45
Ekonomia energetyczna,Dr hab. Tomasz Woźniak,RSQ.YZ3.EGU.5784.EXO,B243,2025-02-27 13:00 - 13:45
Zachowania konsumentów,Dr hab. Marek Zieliński,PZE.RY4.CHC.5436.UUE,B165,2025-07-01 11:00 - 11:45
Marketing usług,Prof. Zofia Wójcik,DZE.CI4.XLZ.8254.SJU,D280,2025-05-12 11:00 - 11:45
Tworzenie stron internetowych,Dr. Piotr Woźniak,TML.NS4.BCX.5709.BLF,F244,2025-04-16 13:00 - 13:45
Zarządzanie zdrowiem i bezpieczeństwem,Dr hab. Marek Zieliński,KGD.BI4.TOU.2717.LEW,B193,2025-05-06 9:00 - 9:45
Ekonomia przemysłowa,Prof. Jan Szymański,EYU.DT6.TBC.3104.SJC,C320,2025-04-25 11:00 - 11:45
Ekonomia polityczna,Dr. Anna Lewandowska,ZJD.US9.EGI.6635.HAH,H264,2025-02-24 11:00 - 11:45
Zarządzanie zmianą,Dr. Piotr Dąbrowski,JQM.JQ3.SLG.1668.ZTT,B193,2025-03-26 12:00 - 12:45
Analiza sprawozdań finansowych,Mgr. Anna Lewandowska,RHU.GJ7.UZX.9301.XAD,E211,2025-05-21 15:00 - 15:45
Ekonomia pracy,Mgr. Tomasz Nowakiewicz,JQM.JQ3.SLG.1668.ZTT,D333,2025-06-16 15:00 - 15:45
Zarządzanie zmianą,Inż. Piotr Szymański,UDT.FC6.DKR.6724.SZY,A335,2025-05-01 11:00 - 11:45
Zarządzanie markami luksusowymi,Mgr. Piotr Kamiński,GSG.YE2.ZAC.2685.EQS,A180,2025-02-24 15:00 - 15:45
Zarządzanie wydarzeniami,Mgr. Piotr Kamiński,LMG.DA0.DJG.7897.GPB,A180,2025-02-12 8:00 - 8:45
Przedsiębiorczość,Inż. Katarzyna Zielińska,YRI.BF4.UAT.9531.JAD,B193,2025-07-01 14:00 - 14:45
Negocjacje międzynarodowe,Prof. Marek Lewandowski,WSX.ZB2.IDE.4895.TVM,E325,2025-05-02 15:00 - 15:45
Systemy zarządzania bazami danych,Inż. Zofia Wójcik,IPF.ES4.EHB.4201.SBL,F229,2025-02-20 14:00 - 14:45
Zarządzanie projektami,Prof. Katarzyna Zielińska,NMO.SN9.DPB.1224.YMA,H134,2025-05-27 8:00 - 8:45
Modelowanie predykcyjne,Mgr. Piotr Wójcik,OIA.PL3.WUJ.5193.MRZ,D265,2025-05-26 12:00 - 12:45
Raportowanie zrównoważonego rozwoju,Dr hab. Katarzyna Kamiński,SUB.TT7.GRJ.1897.VEF,F345,2025-06-30 16:00 - 16:45
Prognozowanie sprzedaży,Inż. Maria Wiśniewska,TPC.EZ6.MLQ.1489.NSW,B193,2025-05-27 16:00 - 16:45
Prognozowanie i planowanie zapasów,Dr. Piotr Dąbrowski,IJW.BB3.HET.3202.BQI,F208,2025-06-11 11:00 - 11:45
Etyka w biznesie międzynarodowym,Dr. Katarzyna Szyszka,IUX.GM7.ALK.4346.VED,G155,2025-04-21 15:00 - 15:45
Ekonomia polityczna,Inż. Piotr Szymański,LDI.OF2.CEP.1023.VYW,C320,2025-06-09 8:00 - 8:45
Zaawansowane praktyki HR,Inż. Jan Nowak,QKN.FU1.NVZ.7963.LGU,B300,2025-02-17 9:00 - 9:45
Planowanie strategiczne marketingu,Dr. Anna Zielińska,RYC.KE6.EHH.8944.IOK,A188,2025-02-10 13:00 - 13:45
Socjologia organizacji,Prof. Zofia Kowalska,OOG.CU9.LTX.5149.CYJ,F142,2025-01-30 16:00 - 16:45
Technologia łańcucha dostaw,Prof. Maria Szymańska,HKX.SN9.IAC.7326.USM,G389,2025-07-01 15:00 - 15:45
Regulacje importowe i eksportowe,Dr hab. Zofia Szymanowska,YQY.LN5.OLS.9958.FXB,H236,2025-04-29 11:00 - 11:45
Zastosowania uczenia maszynowego,Mgr. Maria Dąbrowska,LLO.ZY4.WVH.2797.XDC,E165,2025-06-26 8:00 - 8:45
Wprowadzenie do makroekonomii,Dr. Anna Dąbrowska,HVB.OJ6.GZB.7025.KSG,A335,2025-03-31 10:00 - 10:45
Zarządzanie zmianą,Dr hab. Zofia Szymanowska,OIA.PL3.WUJ.5193.MRZ,B243,2025-01-31 15:00 - 15:45
Zrozumienie konsumentów,Inż. Maria Dąbrowski,TQM.HD9.EEI.3934.STN,B243,2025-06-17 16:00 - 16:45
Badania rynku,Mgr. Marek Zieliński,CXC.RY5.YNN.8006.FCS,F370,2025-04-01 14:00 - 14:45
Globalne strategie HR,Mgr. Maria Dąbrowska,RSQ.YZ3.EGU.5784.EXO,D205,2025-06-18 8:00 - 8:45
Ład korporacyjny,Mgr. Zofia Kowalska,BFN.OF8.PWR.0279.RWQ,E211,2025-02-03 15:00 - 15:45
Zarządzanie sprzedażą,Prof. Zofia Wójcik,LDI.OF2.CEP.1023.VYW,G210,2025-07-01 13:00 - 13:45
Różnorodność w miejscu pracy,Mgr. Maria Lewandowska,FCK.AU2.WAZ.6050.BTI,D255,2025-04-24 16:00 - 16:45
Kapitał podwyższonego ryzyka,Dr hab. Andrzej Wójcik,ZUQ.GU2.CGD.1182.WMT,F142,2025-06-30 9:00 - 9:45
Zaawansowane zaangażowanie pracowników,Inż. Zofia Dąbrowska,FZM.DZ8.UXQ.8836.LIA,D280,2025-05-21 16:00 - 16:45
Relacje przemysłowe,Inż. Piotr Szymański,DKO.TD1.EWS.3152.AOQ,F142,2025-03-21 12:00 - 12:45
Finanse łańcucha dostaw,Dr. Maria Dąbrowska,MIR.SW8.VIF.7653.UAG,E381,2025-06-11 12:00 - 12:45
Zarządzanie sprzedażą,Dr. Marek Woźniak,YQY.LN5.OLS.9958.FXB,C105,2025-05-22 13:00 - 13:45
Zaawansowana wizualizacja danych,Dr. Piotr Dąbrowski,TML.NS4.BCX.5709.BLF,D280,2025-02-14 14:00 - 14:45
Zarządzanie start-upami,Prof. Zofia Zielińska,UZL.LB0.AQE.7323.UPI,E211,2025-04-07 12:00 - 12:45
Zaawansowana wizualizacja danych,Mgr. Anna Zielińska,JEA.JB5.MHM.9323.KHY,F205,2025-05-08 12:00 - 12:45
Teoria makroekonomiczna,Prof. Katarzyna Wójcik,SBW.SS1.DHE.0691.GYW,A326,2025-04-30 13:00 - 13:45
Rozwój produktu,Inż. Marek Szymański,FZG.ZU8.QCV.7696.WAK,A326,2025-02-21 10:00 - 10:45
Bankowość i usługi finansowe,Dr hab. Andrzej Lewandowski,UKX.FS1.GKW.1833.PNM,B394,2025-04-29 12:00 - 12:45
Zarządzanie zasobami ludzkimi,Mgr. Zofia Kowalska,YDE.JT5.QJX.5219.EDV,G240,2025-05-30 16:00 - 16:45
Ekonomia transportu,Dr. Maria Zieliński,DTX.YL0.PXJ.2128.IQD,H327,2025-07-01 10:00 - 10:45
Tworzenie treści cyfrowych,Dr hab. Marek Dąbrowski,TXE.TR0.JGS.5994.WSD,H264,2025-05-23 15:00 - 15:45
Zarządzanie logistyką,Inż. Marek Szymański,GDX.IX2.BAD.6731.ASO,C105,2025-06-12 11:00 - 11:45
Zarządzanie zmianą,Dr. Marek Woźniak,VQP.LJ5.WEO.1716.XWJ,F345,2025-06-09 12:00 - 12:45
Analiza decyzyjna,Dr hab. Maria Wójcik,VWM.OY2.PWX.4783.SBT,G311,2025-04-14 9:00 - 9:45
Zrównoważony rozwój,Dr. Zofia Woźniakowska,BKM.SW8.AXI.5980.EIA,E165,2025-05-13 8:00 - 8:45
Etyczne hackowanie dla biznesu,Mgr. Maria Kamińska,IYN.XL7.DFR.6478.FRH,F229,2025-06-23 11:00 - 11:45
Strategie cenowe,Dr hab. Ewa Zielińska,RYX.BE0.FMU.1872.NND,H365,2025-02-05 8:00 - 8:45
Negocjacje międzynarodowe,Prof. Maria Woźniak,FGJ.AP7.YSO.3133.DTF,E381,2025-03-28 10:00 - 10:45
Ekonometria,Dr hab. Piotr Nowakowski,AXZ.MB6.PWL.5112.TTC,A135,2025-06-24 13:00 - 13:45
Techniki negocjacyjne,Dr hab. Maria Lewandowska,EDK.VE5.MBM.5514.LJK,G104,2025-04-24 11:00 - 11:45
Globalizacja i biznes,Prof. Zofia Wójcik,ONB.OI9.BTJ.4024.QSE,E165,2025-06-03 15:00 - 15:45
Zarządzanie projektami,Inż. Zofia Wójcik,PIY.GW7.POE.7887.AIN,E286,2025-05-26 13:00 - 13:45
Zamówienia publiczne,Prof. Marek Lewandowski,XXS.EZ2.OIQ.3916.YLB,G240,2025-05-15 9:00 - 9:45
Bankowość i usługi finansowe,Mgr. Marek Zieliński,KOR.XX2.LTF.8475.WBU,H101,2025-05-23 11:00 - 11:45
Globalizacja i biznes,Dr. Maria Lewandowska,OOG.CU9.LTX.5149.CYJ,A135,2025-03-24 10:00 - 10:45
Ubezpieczenia,Dr hab. Marek Dąbrowski,PMX.UE0.TNS.7951.MCF,F142,2025-07-02 9:00 - 9:45
Tworzenie treści cyfrowych,Dr. Zofia Woźniakowska,VWM.OY2.PWX.4783.SBT,B394,2025-03-13 13:00 - 13:45
Zarządzanie logistyką,Dr hab. Tomasz Woźniak,UZL.LB0.AQE.7323.UPI,A135,2025-02-17 16:00 - 16:45
Copywriting i kreatywne pisanie,Inż. Katarzyna Zielińska,ZCT.XU8.BJX.7206.HOP,B243,2025-05-06 13:00 - 13:45
Zarządzanie logistyką,Inż. Katarzyna Dąbrowska,QKX.MM9.YVF.9122.IPU,C143,2025-06-16 16:00 - 16:45
Ekonometria,Dr. Maria Lewandowska,AKA.FV1.DKI.8876.KZC,D191,2025-06-26 12:00 - 12:45
Środowisko prawne biznesu,Inż. Katarzyna Dąbrowska,OUP.UT9.PJN.3348.FCR,A135,2025-05-29 10:00 - 10:45
Ekonomia transportu,Dr hab. Ewa Zielińska,TXE.TR0.JGS.5994.WSD,F229,2025-04-08 9:00 - 9:45
Tworzenie stron internetowych,Mgr. Jan Lewandowski,UWR.OR4.NYJ.8726.KYV,D352,2025-05-05 9:00 - 9:45
Zarządzanie projektami,Mgr. Piotr Szymański,QSE.BX6.RDZ.3792.YNU,B135,2025-05-29 16:00 - 16:45
Ekonomia monetarna,Inż. Jan Szymański,VQX.QB4.YFR.4773.SJP,B120,2025-06-13 9:00 - 9:45
Etyka biznesu,Prof. Katarzyna Zielińska,OBB.VH5.LUN.0250.ZGC,D385,2025-02-20 15:00 - 15:45
Zarządzanie międzykulturowe,Inż. Jan Szymański,VYS.XC2.XEW.5584.LDS,C332,2025-05-09 9:00 - 9:45
Zintegrowana komunikacja marketingowa,Inż. Piotr Lewandowski,NDM.YL9.LYB.3733.YGC,B243,2025-04-28 16:00 - 16:45
Analiza ryzyka finansowego,Mgr. Piotr Wójcik,YMH.LK9.BNM.4167.MHF,H203,2025-03-04 11:00 - 11:45
Negocjacje międzynarodowe,Prof. Katarzyna Zielińska,UIE.CB5.ULG.4962.LZU,C242,2025-02-10 10:00 - 10:45
Zarządzanie cyklem życia produktu,Dr. Piotr Wiśniewski,LLO.ZY4.WVH.2797.XDC,B226,2025-03-05 12:00 - 12:45
Podstawy marketingu,Prof. Maria Wójcik,PLH.LQ3.MTC.3521.PGO,G252,2025-04-11 13:00 - 13:45
Odpowiedzialność społeczna przedsiębiorstw,Dr. Maria Dąbrowska,FCK.AU2.WAZ.6050.BTI,H112,2025-02-14 11:00 - 11:45
Rachunek kosztów,Inż. Andrzej Nowak,ZCT.XU8.BJX.7206.HOP,D280,2025-03-28 11:00 - 11:45
Zarządzanie bezpieczeństwem IT,Prof. Marek Lewandowski,XYT.KV1.MLL.5989.YUU,B209,2025-06-27 14:00 - 14:45
Systemy informacyjne zarządzania,Prof. Katarzyna Zielińska,QEK.CB5.XJY.6186.CBI,F244,2025-05-01 12:00 - 12:45
Transformacja cyfrowa,Inż. Katarzyna Wiśniewska,DRX.IW7.NVT.3996.XWM,B379,2025-04-03 12:00 - 12:45
Transformacja cyfrowa,Dr. Jan Zieliński,NIZ.VN8.UQC.0168.FMS,F328,2025-05-27 12:00 - 12:45
Zarządzanie kryzysowe,Dr hab. Tomasz Woźniak,MSD.KD5.SIQ.3688.DTR,E173,2025-05-12 12:00 - 12:45
Prognozowanie i planowanie zapasów,Mgr. Piotr Dąbrowski,CFZ.ID0.BEZ.3781.RGX,H369,2025-06-13 10:00 - 10:45
Zarządzanie projektami,Mgr. Tomasz Szymański,YDE.JT5.QJX.5219.EDV,D333,2025-06-30 10:00 - 10:45
Zarządzanie strategiczne,Dr. Maria Lewandowska,UKX.FS1.GKW.1833.PNM,H365,2025-02-17 10:00 - 10:45
Zasady audytu,Dr. Katarzyna Szymańska,WPF.BA4.HUF.2508.ZCE,H327,2025-05-05 10:00 - 10:45
Etyczne hackowanie dla biznesu,Prof. Tomasz Dąbrowski,WZU.CW1.XTG.3642.WUL,F124,2025-03-12 12:00 - 12:45
Marketing cyfrowy,Inż. Zofia Dąbrowska,TML.NS4.BCX.5709.BLF,H236,2025-02-03 11:00 - 11:45
Prawo gospodarcze,Inż. Zofia Wójcik,MVS.HR6.FRH.7803.YTL,B340,2025-03-07 9:00 - 9:45
Analiza danych,Prof. Anna Nowak,WCZ.ZI6.EIL.6927.ANQ,H365,2025-05-14 13:00 - 13:45
Logistyka portowa i morska,Dr. Jan Zieliński,AXZ.MB6.PWL.5112.TTC,H134,2025-03-19 12:00 - 12:45
Ekonomia środowiskowa,Mgr. Piotr Kamień,XLS.QK5.QSN.6714.RMY,D280,2025-06-19 13:00 - 13:45
Etyka w biznesie międzynarodowym,Inż. Jan Szymański,YDD.CP0.OJM.7964.RBU,B190,2025-05-22 8:00 - 8:45
Ekonomia behawioralna,Dr. Marek Woźniak,JQG.HO1.SYW.0202.VDD,A180,2025-06-26 9:00 - 9:45
Analiza marketingowa,Mgr. Maria Dąbrowska,JQG.HO1.SYW.0202.VDD,C143,2025-03-21 13:00 - 13:45
Zarządzanie projektami,Dr hab. Piotr Nowakowski,BFN.OF8.PWR.0279.RWQ,H101,2025-05-06 14:00 - 14:45
Fuzje i przejęcia,Inż. Jan Nowak,JVV.AT7.RTF.2808.JXU,H211,2025-06-25 9:00 - 9:45
Cyberbezpieczeństwo w biznesie,Prof. Zofia Zielińska,QKX.MM9.YVF.9122.IPU,A358,2025-05-19 16:00 - 16:45
Analiza HR,Prof. Katarzyna Zielińska,SQP.TV7.URO.4305.QVL,G389,2025-04-02 8:00 - 8:45
Przetwarzanie w chmurze,Mgr. Marek Wójcik,QZK.BN3.APL.2257.JOO,D333,2025-06-09 13:00 - 13:45
Public Relations,Inż. Zofia Wójcik,FGJ.AP7.YSO.3133.DTF,G155,2025-04-08 15:00 - 15:45
Doskonałość w obsłudze klienta,Inż. Katarzyna Zielińska,APJ.FY5.UFT.6300.ONQ,H264,2025-07-03 10:00 - 10:45
Analiza marketingowa,Mgr. Piotr Wójcik,IJW.BB3.HET.3202.BQI,C242,2025-05-15 10:00 - 10:45
Tworzenie stron internetowych,Prof. Andrzej Szymański,OIA.PL3.WUJ.5193.MRZ,H203,2025-04-22 9:00 - 9:45
Copywriting i kreatywne pisanie,Dr. Andrzej Wiśniewski,PXN.NF6.JCD.2409.YTY,B209,2025-06-16 10:00 - 10:45
Marketing usług,Dr. Maria Lewandowska,PMP.CC8.WON.1917.TGB,G277,2025-06-20 13:00 - 13:45
Inteligentna logistyka,Mgr. Piotr Szymański,REY.EF1.LDG.3382.AKB,E286,2025-03-21 8:00 - 8:45
Historia gospodarcza,Mgr. Katarzyna Szymańska,VWM.OY2.PWX.4783.SBT,D265,2025-06-05 13:00 - 13:45
Innowacja w modelach biznesowych,Prof. Piotr Kowalski,YBO.AF8.JWH.1455.XJM,E183,2025-05-27 15:00 - 15:45
Metody ilościowe w biznesie,Prof. Marek Wójcik,UXG.UH4.KAL.6970.LCC,D160,2025-06-10 9:00 - 9:45
Regulacje dotyczące prywatności danych,Mgr. Anna Zielińska,TBY.BS8.FEW.2939.JYI,A208,2025-03-31 11:00 - 11:45
Transformacja cyfrowa,Mgr. Marek Zieliński,DET.MD5.VNX.2185.ECF,B396,2025-02-25 8:00 - 8:45
Visual Basic dla aplikacji,Dr hab. Piotr Szymański,PMX.UE0.TNS.7951.MCF,B394,2025-06-20 14:00 - 14:45
Zastosowania uczenia maszynowego,Dr. Zofia Woźniakowska,JSI.BX2.UAJ.4340.SGP,B209,2025-04-14 14:00 - 14:45
Relacje przemysłowe,Prof. Ewa Lewandowska,GQA.DX2.YJU.0455.RKZ,H235,2025-04-18 16:00 - 16:45
Wprowadzenie do nauki o danych,Dr. Maria Dąbrowska,PTH.NO0.IXY.3726.FAA,A136,2025-05-08 15:00 - 15:45
Teoria makroekonomiczna,Prof. Zofia Miodowska,SWG.KD4.MEK.9582.KWP,D333,2025-04-28 13:00 - 13:45
Zarządzanie kryzysowe,Dr. Ewa Zielińska,OFE.KR6.JQI.4517.RMA,D280,2025-04-22 10:00 - 10:45
Strategie w mediach społecznościowych,Prof. Marek Lewandowski,UAI.ZW4.SWQ.5904.BWV,H327,2025-06-05 14:00 - 14:45
Prezentacje i wystąpienia publiczne,Dr. Marek Zieliński,DEN.CL3.POI.0792.DSS,H235,2025-04-11 16:00 - 16:45
Rachunek kosztów,Mgr. Maria Lewandowska,IPF.ES4.EHB.4201.SBL,G252,2025-06-19 10:00 - 10:45
Regulacje dotyczące prywatności danych,Prof. Katarzyna Zielińska,FGJ.AP7.YSO.3133.DTF,E211,2025-05-09 10:00 - 10:45
Zarządzanie strategiczne,Mgr. Tomasz Dąbkowski,ZBD.VA1.MYH.5403.BLV,F389,2025-02-11 15:00 - 15:45
Teoria mikroekonomiczna,Dr. Piotr Wiśniewski,BLB.OL6.FEJ.3647.EAL,C105,2025-05-01 16:00 - 16:45
Relacje przemysłowe,Inż. Maria Wiśniewska,CPU.AW1.GOQ.7175.XAG,E385,2025-04-23 10:00 - 10:45
Raportowanie zrównoważonego rozwoju,Dr. Marek Zieliński,TPC.EZ6.MLQ.1489.NSW,E286,2025-06-23 10:00 - 10:45
Odpowiedzialność społeczna przedsiębiorstw,Dr. Katarzyna Szyszka,JQM.JQ3.SLG.1668.ZTT,H203,2025-02-19 15:00 - 15:45
Zielony łańcuch dostaw,Dr. Maria Zieliński,TXE.TR0.JGS.5994.WSD,D333,2025-02-12 9:00 - 9:45
Statystyka II,Dr. Marek Woźniak,EGA.TU9.VRT.2826.QYN,A135,2025-05-13 9:00 - 9:45
Zarządzanie marką,Dr. Anna Lewandowska,DHN.YK3.TPY.3244.MKR,B384,2025-05-14 14:00 - 14:45
Analiza danych,Dr. Marek Dąbrowski,EDB.RH5.MAR.3310.IIM,E183,2025-06-13 12:00 - 12:45
Analiza inwestycji,Mgr. Piotr Wójcik,APJ.FY5.UFT.6300.ONQ,D106,2025-02-13 16:00 - 16:45
Zarządzanie wydajnością,Dr hab. Piotr Nowakowski,JEA.JB5.MHM.9323.KHY,C328,2025-02-12 14:00 - 14:45
Zarządzanie start-upami,Mgr. Tomasz Dąbkowski,IYN.XL7.DFR.6478.FRH,A261,2025-05-15 15:00 - 15:45
Inteligentna logistyka miejska,Dr. Anna Dąbrowska,NTV.KM5.ZHF.9246.EXE,D385,2025-02-11 16:00 - 16:45
Zamówienia publiczne,Prof. Jan Szymański,HKZ.GL3.BJB.4801.KBY,F142,2025-04-14 16:00 - 16:45
Przedsiębiorczość,Mgr. Piotr Dąbrowski,HVB.OJ6.GZB.7025.KSG,B209,2025-04-02 12:00 - 12:45
Rachunkowość zarządcza,Dr hab. Andrzej Wójcik,IHD.KT1.POS.9964.MVT,C320,2025-07-02 12:00 - 12:45
Podstawy zarządzania,Prof. Marek Wójcik,JKN.PY2.ZVG.0111.BAP,F106,2025-06-19 14:00 - 14:45
Prawo gospodarcze,Prof. Zofia Kowalska,QTU.RA1.WZV.5188.VSG,D255,2025-07-03 13:00 - 13:45
Zastosowania uczenia maszynowego,Prof. Andrzej Szymański,PLH.LQ3.MTC.3521.PGO,B379,2025-03-11 8:00 - 8:45
Prognozowanie i planowanie zapasów,Prof. Katarzyna Zielińska,WXD.JE6.FNR.6501.HUF,C320,2025-05-28 15:00 - 15:45
Zarządzanie zaopatrzeniem,Dr. Anna Dąbrowska,NIZ.VN8.UQC.0168.FMS,F139,2025-03-07 15:00 - 15:45
Ekonomia nieruchomości,Dr. Zofia Lewandowska,HKX.SN9.IAC.7326.USM,E354,2025-02-05 9:00 - 9:45
Kapitał podwyższonego ryzyka,Dr hab. Maria Wójcik,XLS.QK5.QSN.6714.RMY,F205,2025-06-03 16:00 - 16:45
Finanse behawioralne,Mgr. Jan Lewandowski,PBQ.CO9.RRX.4565.HAO,B243,2025-06-27 9:00 - 9:45
Strategie w mediach społecznościowych,Dr hab. Piotr Nowak,UKX.FS1.GKW.1833.PNM,B379,2025-05-07 14:00 - 14:45
Społeczna odpowiedzialność biznesu,Inż. Katarzyna Wiśniewska,UZE.LD2.TEV.5749.FHG,F142,2025-04-25 12:00 - 12:45
Polityka ekonomiczna,Dr. Marek Kamiński,NDM.YL9.LYB.3733.YGC,E325,2025-03-19 13:00 - 13:45
Finanse behawioralne,Prof. Piotr Kowalski,KPV.VI2.CKL.1138.HHL,H134,2025-06-05 15:00 - 15:45
Analiza biznesowa,Mgr. Piotr Dąbrowski,DHN.YK3.TPY.3244.MKR,B396,2025-05-23 12:00 - 12:45
Zarządzanie transportem kolejowym,Prof. Ewa Lewandowska,ZFT.RD7.FTV.1813.RKV,D255,2025-05-28 10:00 - 10:45
Środowisko prawne biznesu,Mgr. Tomasz Kamiński,OOG.CU9.LTX.5149.CYJ,F139,2025-04-17 11:00 - 11:45
Marketing usług,Prof. Marek Wójcik,CPU.AW1.GOQ.7175.XAG,A358,2025-03-12 8:00 - 8:45
Socjologia organizacji,Mgr. Marek Zieliński,RHU.GJ7.UZX.9301.XAD,H203,2025-04-11 11:00 - 11:45
Ekonometria,Dr. Maria Lewandowska,BIH.UW2.GQO.7951.ULE,G364,2025-06-11 15:00 - 15:45
Przetwarzanie w chmurze,Dr. Ewa Zielińska,KKP.JU7.EYR.2227.KQM,G389,2025-07-04 8:00 - 8:45
Sztuczna inteligencja w biznesie,Dr hab. Andrzej Lewandowski,REY.EF1.LDG.3382.AKB,B190,2025-04-15 11:00 - 11:45
Inteligentna logistyka,Mgr. Tomasz Dąbkowski,DKO.TD1.EWS.3152.AOQ,B193,2025-02-20 16:00 - 16:45
Ekonomia polityczna,Dr hab. Andrzej Wójcik,LDI.OF2.CEP.1023.VYW,H186,2025-02-11 13:00 - 13:45
Zarządzanie cyklem życia produktu,Inż. Katarzyna Zielińska,BLB.OL6.FEJ.3647.EAL,F149,2025-06-23 13:00 - 13:45
Planowanie zasobów przedsiębiorstwa,Dr. Piotr Dąbrowski,DET.MD5.VNX.2185.ECF,A358,2025-05-30 8:00 - 8:45
Bankowość i usługi finansowe,Dr. Piotr Dąbrowski,IJW.BB3.HET.3202.BQI,C332,2025-02-05 13:00 - 13:45
Statystyka II,Inż. Katarzyna Dąbrowska,SEA.EL4.UCP.5738.FCI,F142,2025-04-02 13:00 - 13:45
Raportowanie zrównoważonego rozwoju,Mgr. Piotr Dąbrowski,EJP.UH3.LEV.8022.YDH,B120,2025-06-02 14:00 - 14:45
Badania rynku,Prof. Anna Nowak,WYI.TL2.TFF.6186.JHL,C332,2025-05-26 14:00 - 14:45
Regulacje dotyczące prywatności danych,Dr. Anna Zielińska,SUL.IP4.RGW.7174.FMM,F149,2025-05-13 10:00 - 10:45
Teoria makroekonomiczna,Dr hab. Ewa Zielińska,ZFT.RD7.FTV.1813.RKV,G252,2025-05-22 9:00 - 9:45
Zachowania konsumentów,Mgr. Piotr Kamień,FZG.ZU8.QCV.7696.WAK,A261,2025-05-05 11:00 - 11:45
Metody ilościowe w biznesie,Dr. Maria Zieliński,WAV.TE4.TDJ.2806.RFL,A135,2025-06-11 13:00 - 13:45
Tworzenie treści cyfrowych,Dr. Piotr Woźniak,RSQ.YZ3.EGU.5784.EXO,B190,2025-05-09 15:00 - 15:45
Innowacja w modelach biznesowych,Prof. Ewa Lewandowska,HKX.SN9.IAC.7326.USM,D352,2025-03-17 13:00 - 13:45
Zarządzanie ryzykiem,Prof. Maria Wójcik,HKZ.GL3.BJB.4801.KBY,A180,2025-03-20 8:00 - 8:45
